var1,var2,transform1,transform2,correlation,abs_correlation,n_samples
RIDAGEYR,BPXSY1,original,square,0.6877654907971955,0.6877654907971955,4507
RIDAGEYR,BPXSY1,original,original,0.6871988936749063,0.6871988936749063,4507
RIDAGEYR,BPXSY1,original,sqrt,0.6860469449609589,0.6860469449609589,4507
RIDAGEYR,BPXSY1,original,log,0.6843006401653249,0.6843006401653249,4507
DPQ_TOTAL,PAQ_MINS,original,sqrt,-0.6840679938900925,0.6840679938900925,4528
RIDAGEYR,BPXSY1,sqrt,original,0.6833161241577095,0.6833161241577095,4507
RIDAGEYR,BPXSY1,sqrt,sqrt,0.683293368453051,0.683293368453051,4507
RIDAGEYR,BPXSY1,sqrt,log,0.6826787155573819,0.6826787155573819,4507
RIDAGEYR,BPXSY1,square,square,0.6820152628572651,0.6820152628572651,4507
RIDAGEYR,BPXSY1,sqrt,square,0.681645718020949,0.681645718020949,4507
RIDAGEYR,BPXSY1,sqrt,inverse,-0.6796225619099223,0.6796225619099223,4507
RIDAGEYR,BPXSY1,original,inverse,-0.6789885831402508,0.6789885831402508,4507
DPQ_TOTAL,PAQ_MINS,sqrt,original,-0.6783868367472299,0.6783868367472299,4528
RIDAGEYR,BPXSY1,square,original,0.6772528972686689,0.6772528972686689,4507
DPQ_TOTAL,PAQ_MINS,original,original,-0.6766881655000123,0.6766881655000123,4528
RIDAGEYR,BPXSY1,log,log,0.6744367072060778,0.6744367072060778,4507
RIDAGEYR,BPXSY1,square,sqrt,0.6740166625859586,0.6740166625859586,4507
RIDAGEYR,BPXSY1,log,sqrt,0.673912003499185,0.673912003499185,4507
RIDAGEYR,BPXSY1,log,inverse,-0.6736777556470606,0.6736777556470606,4507
RIDAGEYR,BPXSY1,log,original,0.6728063798281683,0.6728063798281683,4507
RIDAGEYR,BPXSY1,square,log,0.6702041924869103,0.6702041924869103,4507
RIDAGEYR,BPXSY1,log,square,0.668925597504147,0.668925597504147,4507
RIDAGEYR,BPXSY1,square,inverse,-0.6608421602737625,0.6608421602737625,4507
DPQ_TOTAL,PAQ_MINS,sqrt,sqrt,-0.6593628498175078,0.6593628498175078,4528
DPQ_TOTAL,PAQ_MINS,square,sqrt,-0.6542203662810304,0.6542203662810304,4528
DPQ_TOTAL,PAQ_MINS,log,original,-0.6482861648058444,0.6482861648058444,4528
RIDAGEYR,BPXSY1,inverse,inverse,0.6429575690634635,0.6429575690634635,4507
RIDAGEYR,BPXSY1,inverse,log,-0.6394139089606204,0.6394139089606204,4507
RIDAGEYR,BPXSY1,inverse,sqrt,-0.6367926547800945,0.6367926547800945,4507
RIDAGEYR,BPXSY1,inverse,original,-0.6336353699768096,0.6336353699768096,4507
DPQ_TOTAL,PAQ_MINS,square,log,-0.6331412011820561,0.6331412011820561,4528
DPQ_TOTAL,PAQ_MINS,original,log,-0.6324235705121443,0.6324235705121443,4528
DPQ_TOTAL,PAQ_MINS,sqrt,square,-0.627135524086707,0.627135524086707,4528
RIDAGEYR,BPXSY1,inverse,square,-0.6258086504585597,0.6258086504585597,4507
DPQ_TOTAL,PAQ_MINS,log,square,-0.6248180120713647,0.6248180120713647,4528
DPQ_TOTAL,PAQ_MINS,square,original,-0.6124608550313402,0.6124608550313402,4528
DPQ_TOTAL,PAQ_MINS,log,sqrt,-0.6089979546038675,0.6089979546038675,4528
DPQ_TOTAL,PAQ_MINS,original,square,-0.5945611172128556,0.5945611172128556,4528
DPQ_TOTAL,PAQ_MINS,sqrt,log,-0.5894488849274134,0.5894488849274134,4528
BMXBMI,LBXGLU,square,square,0.5745094776791898,0.5745094776791898,4519
BMXBMI,LBXGLU,square,original,0.5655473201111764,0.5655473201111764,4519
BMXBMI,LBXGLU,square,sqrt,0.5598948259571995,0.5598948259571995,4519
BMXBMI,LBXGLU,original,square,0.5546713277059455,0.5546713277059455,4519
BMXBMI,LBXGLU,square,log,0.5535265532616799,0.5535265532616799,4519
BMXBMI,LBXGLU,original,original,0.5489284210343935,0.5489284210343935,4519
BMXBMI,LBXGLU,original,sqrt,0.5448665678112601,0.5448665678112601,4519
BMXBMI,LBXGLU,sqrt,square,0.5419074376302373,0.5419074376302373,4519
BMXBMI,LBXGLU,original,log,0.5400700884585479,0.5400700884585479,4519
BMXBMI,LBXGLU,square,inverse,-0.5387953221804926,0.5387953221804926,4519
BMXBMI,LBXGLU,sqrt,original,0.5377307028523469,0.5377307028523469,4519
BMXBMI,LBXGLU,sqrt,sqrt,0.5344564289885658,0.5344564289885658,4519
BMXBMI,LBXGLU,sqrt,log,0.5304469760374707,0.5304469760374707,4519
BMXBMI,LBXGLU,original,inverse,-0.5284107708994958,0.5284107708994958,4519
DPQ_TOTAL,PAQ_MINS,log,log,-0.5278341967141613,0.5278341967141613,4528
BMXBMI,LBXGLU,log,square,0.5270019443674305,0.5270019443674305,4519
BMXBMI,LBXGLU,log,original,0.5243455115733886,0.5243455115733886,4519
BMXBMI,LBXGLU,log,sqrt,0.5218457957036744,0.5218457957036744,4519
BMXBMI,LBXGLU,sqrt,inverse,-0.5203512422979389,0.5203512422979389,4519
BMXBMI,LBXGLU,log,log,0.5186166906010801,0.5186166906010801,4519
BMXBMI,LBXGLU,log,inverse,-0.5100894896722954,0.5100894896722954,4519
DPQ_TOTAL,PAQ_MINS,square,square,-0.5028361961887567,0.5028361961887567,4528
BMXBMI,LBXGLU,inverse,original,-0.48962507016610396,0.48962507016610396,4519
BMXBMI,LBXGLU,inverse,square,-0.4894393152828939,0.4894393152828939,4519
BMXBMI,LBXGLU,inverse,sqrt,-0.48860754314668164,0.48860754314668164,4519
SLD012,DPQ_TOTAL,inverse,square,0.48800516633084645,0.48800516633084645,4532
BMXBMI,LBXGLU,inverse,log,-0.48689298311136925,0.48689298311136925,4519
BMXBMI,BPXSY1,sqrt,log,0.4834716834951403,0.4834716834951403,4512
BMXBMI,BPXSY1,original,sqrt,0.48328733877606755,0.48328733877606755,4512
BMXBMI,BPXSY1,sqrt,sqrt,0.48319841188231866,0.48319841188231866,4512
BMXBMI,BPXSY1,original,log,0.483145420390854,0.483145420390854,4512
BMXBMI,BPXSY1,original,original,0.4830535141674597,0.4830535141674597,4512
BMXBMI,BPXSY1,sqrt,inverse,-0.48286297913327286,0.48286297913327286,4512
BMXBMI,BPXSY1,sqrt,original,0.48255146363853807,0.48255146363853807,4512
BMXBMI,BPXSY1,log,inverse,-0.48203714665450115,0.48203714665450115,4512
BMXBMI,BPXSY1,log,log,0.481794681340494,0.481794681340494,4512
BMXBMI,BPXSY1,original,inverse,-0.4817047733235329,0.4817047733235329,4512
BMXBMI,BPXSY1,original,square,0.4814932367455519,0.4814932367455519,4512
BMXBMI,LBXGLU,inverse,inverse,0.4814709110921351,0.4814709110921351,4519
BMXBMI,BPXSY1,log,sqrt,0.48109984684945295,0.48109984684945295,4512
BMXBMI,BPXSY1,sqrt,square,0.48017547879956335,0.48017547879956335,4512
BMXBMI,BPXSY1,log,original,0.48003557166639815,0.48003557166639815,4512
BMXBMI,BPXSY1,square,square,0.47926464953519915,0.47926464953519915,4512
BMXBMI,BPXSY1,square,original,0.47923753457430923,0.47923753457430923,4512
BMXBMI,BPXSY1,square,sqrt,0.4786756723867196,0.4786756723867196,4512
BMXBMI,BPXSY1,square,log,0.4777395867991506,0.4777395867991506,4512
BMXBMI,BPXSY1,log,square,0.476841954191549,0.476841954191549,4512
BMXBMI,BPXSY1,square,inverse,-0.474724139046109,0.474724139046109,4512
BMXBMI,BPXSY1,inverse,inverse,0.47234289466659485,0.47234289466659485,4512
BMXBMI,BPXSY1,inverse,log,-0.47039101799917377,0.47039101799917377,4512
BMXBMI,BPXSY1,inverse,sqrt,-0.4688613031938023,0.4688613031938023,4512
BMXBMI,BPXSY1,inverse,original,-0.4669783781892495,0.4669783781892495,4512
BMXBMI,BPXSY1,inverse,square,-0.462204323498813,0.462204323498813,4512
SLD012,DPQ_TOTAL,inverse,original,0.44406543481347804,0.44406543481347804,4532
RIDAGEYR,LBXTC,original,square,0.4357610596313597,0.4357610596313597,4497
RIDAGEYR,LBXTC,original,original,0.43568452712791184,0.43568452712791184,4497
RIDAGEYR,LBXTC,original,sqrt,0.4338077926794104,0.4338077926794104,4497
RIDAGEYR,LBXTC,square,square,0.4336696887728825,0.4336696887728825,4497
RIDAGEYR,LBXTC,sqrt,original,0.43207311231325113,0.43207311231325113,4497
RIDAGEYR,LBXTC,square,original,0.4311287795276017,0.4311287795276017,4497
RIDAGEYR,LBXTC,sqrt,sqrt,0.430914402197558,0.430914402197558,4497
RIDAGEYR,LBXTC,sqrt,square,0.4308084377400277,0.4308084377400277,4497
RIDAGEYR,LBXTC,original,log,0.43061365343464514,0.43061365343464514,4497
RIDAGEYR,LBXTC,sqrt,log,0.4284624711378944,0.4284624711378944,4497
RIDAGEYR,LBXTC,square,sqrt,0.42798852359890166,0.42798852359890166,4497
RIDAGEYR,LBXTC,log,original,0.42408763139515937,0.42408763139515937,4497
RIDAGEYR,LBXTC,log,sqrt,0.4236700685870243,0.4236700685870243,4497
RIDAGEYR,LBXTC,square,log,0.42352708565273284,0.42352708565273284,4497
RIDAGEYR,LBXTC,log,log,0.4219994565820841,0.4219994565820841,4497
RIDAGEYR,LBXTC,log,square,0.42147943472875915,0.42147943472875915,4497
RIDAGEYR,LBXTC,original,inverse,-0.420020512398727,0.420020512398727,4497
RIDAGEYR,LBXTC,sqrt,inverse,-0.4193991329170109,0.4193991329170109,4497
SLD012,DPQ_TOTAL,log,square,-0.415991107793607,0.415991107793607,4532
RIDAGEYR,LBXTC,log,inverse,-0.41459571657683425,0.41459571657683425,4497
RIDAGEYR,LBXTC,square,inverse,-0.41044722897282077,0.41044722897282077,4497
RIDAGEYR,LBXTC,inverse,sqrt,-0.3972921935645371,0.3972921935645371,4497
RIDAGEYR,LBXTC,inverse,log,-0.3971606613927024,0.3971606613927024,4497
RIDAGEYR,LBXTC,inverse,original,-0.3962923669524059,0.3962923669524059,4497
RIDAGEYR,LBXTC,inverse,inverse,0.39316838104983937,0.39316838104983937,4497
SLD012,DPQ_TOTAL,inverse,sqrt,0.39193534625708265,0.39193534625708265,4532
RIDAGEYR,LBXTC,inverse,square,-0.39123535427973305,0.39123535427973305,4497
SLD012,DPQ_TOTAL,log,original,-0.38355812950996665,0.38355812950996665,4532
SLD012,DPQ_TOTAL,sqrt,square,-0.37426418039401504,0.37426418039401504,4532
SLD012,DPQ_TOTAL,sqrt,original,-0.34666911633712355,0.34666911633712355,4532
SLD012,DPQ_TOTAL,log,sqrt,-0.340886123434212,0.340886123434212,4532
SLD012,DPQ_TOTAL,inverse,log,0.3340288996945525,0.3340288996945525,4532
SLD012,DPQ_TOTAL,original,square,-0.33060992233822345,0.33060992233822345,4532
RIDAGEYR,BMXBMI,original,original,0.3256628534389888,0.3256628534389888,4536
RIDAGEYR,BMXBMI,original,sqrt,0.32560034614370115,0.32560034614370115,4536
RIDAGEYR,BMXBMI,sqrt,sqrt,0.325302307760375,0.325302307760375,4536
RIDAGEYR,BMXBMI,sqrt,original,0.3248178392268462,0.3248178392268462,4536
RIDAGEYR,BMXBMI,sqrt,log,0.3245025382370107,0.3245025382370107,4536
RIDAGEYR,BMXBMI,original,log,0.32422389280134994,0.32422389280134994,4536
RIDAGEYR,BMXBMI,original,square,0.32260275331634286,0.32260275331634286,4536
RIDAGEYR,BMXBMI,log,sqrt,0.32173927378243566,0.32173927378243566,4536
RIDAGEYR,BMXBMI,log,log,0.32153119565101124,0.32153119565101124,4536
RIDAGEYR,BMXBMI,sqrt,square,0.3207613257030583,0.3207613257030583,4536
RIDAGEYR,BMXBMI,log,original,0.32070683440915837,0.32070683440915837,4536
BPXSY1,LBXTC,square,square,0.3190186781864264,0.3190186781864264,4479
RIDAGEYR,BMXBMI,square,original,0.31877854463712885,0.31877854463712885,4536
BPXSY1,LBXTC,original,square,0.31864159473867537,0.31864159473867537,4479
BPXSY1,LBXTC,square,original,0.31841935044365344,0.31841935044365344,4479
BPXSY1,LBXTC,original,original,0.3183551221436424,0.3183551221436424,4479
BPXSY1,LBXTC,sqrt,square,0.3180480831499577,0.3180480831499577,4479
BPXSY1,LBXTC,sqrt,original,0.3179218209635798,0.3179218209635798,4479
RIDAGEYR,BMXBMI,sqrt,inverse,-0.3177726736863787,0.3177726736863787,4536
RIDAGEYR,BMXBMI,square,sqrt,0.3177124461018083,0.3177124461018083,4536
RIDAGEYR,BMXBMI,square,square,0.3176325008322574,0.3176325008322574,4536
BPXSY1,LBXTC,log,original,0.31721431860096927,0.31721431860096927,4479
BPXSY1,LBXTC,log,square,0.31717835683486784,0.31717835683486784,4479
BPXSY1,LBXTC,original,sqrt,0.31688951532121523,0.31688951532121523,4479
BPXSY1,LBXTC,square,sqrt,0.31678888999254456,0.31678888999254456,4479
BPXSY1,LBXTC,sqrt,sqrt,0.31654240661686966,0.31654240661686966,4479
RIDAGEYR,BMXBMI,original,inverse,-0.31626937065013966,0.31626937065013966,4536
RIDAGEYR,BMXBMI,log,inverse,-0.3161124942431332,0.3161124942431332,4536
BPXSY1,LBXTC,log,sqrt,0.3159233674452851,0.3159233674452851,4479
RIDAGEYR,BMXBMI,log,square,0.3156850642648058,0.3156850642648058,4536
RIDAGEYR,BMXBMI,square,log,0.3153142068194457,0.3153142068194457,4536
BPXSY1,LBXTC,inverse,original,-0.3149606911266663,0.3149606911266663,4479
BPXSY1,LBXTC,inverse,square,-0.31459593381551043,0.31459593381551043,4479
BPXSY1,LBXTC,original,log,0.3144822368804444,0.3144822368804444,4479
BPXSY1,LBXTC,sqrt,log,0.3142247702552157,0.3142247702552157,4479
BPXSY1,LBXTC,square,log,0.31421251408208445,0.31421251408208445,4479
BPXSY1,LBXTC,inverse,sqrt,-0.3138526501187863,0.3138526501187863,4479
BPXSY1,LBXTC,log,log,0.31369854246502876,0.31369854246502876,4479
BPXSY1,LBXTC,inverse,log,-0.311822150310638,0.311822150310638,4479
SLD012,DPQ_TOTAL,sqrt,sqrt,-0.3087981441006303,0.3087981441006303,4532
SLD012,DPQ_TOTAL,original,original,-0.30717547978750653,0.30717547978750653,4532
BPXSY1,LBXTC,original,inverse,-0.3066753563275773,0.3066753563275773,4479
BPXSY1,LBXTC,sqrt,inverse,-0.3066053972561333,0.3066053972561333,4479
RIDAGEYR,BMXBMI,inverse,log,-0.30630464910575284,0.30630464910575284,4536
BPXSY1,LBXTC,log,inverse,-0.3062758652795102,0.3062758652795102,4479
BPXSY1,LBXTC,square,inverse,-0.3060593841102119,0.3060593841102119,4479
RIDAGEYR,BMXBMI,inverse,sqrt,-0.3053941034756488,0.3053941034756488,4536
RIDAGEYR,BMXBMI,square,inverse,-0.3053318494376587,0.3053318494376587,4536
BPXSY1,LBXTC,inverse,inverse,0.3048189208940334,0.3048189208940334,4479
SLD012,PAQ_MINS,inverse,sqrt,-0.30437328963546795,0.30437328963546795,4519
SLD012,PAQ_MINS,inverse,log,-0.3042451189142255,0.3042451189142255,4519
RIDAGEYR,BMXBMI,inverse,inverse,0.3035244676717163,0.3035244676717163,4536
RIDAGEYR,BMXBMI,inverse,original,-0.3033644199302308,0.3033644199302308,4536
RIDAGEYR,BMXBMI,inverse,square,-0.29668479336805487,0.29668479336805487,4536
SLD012,DPQ_TOTAL,log,log,-0.29244614845415784,0.29244614845415784,4532
SLD012,PAQ_MINS,inverse,original,-0.27426377081531,0.27426377081531,4519
SLD012,DPQ_TOTAL,original,sqrt,-0.2739860502173346,0.2739860502173346,4532
DPQ_TOTAL,PAQ_MINS,inverse,square,0.26957210287757927,0.26957210287757927,4528
SLD012,DPQ_TOTAL,sqrt,log,-0.2654997073070078,0.2654997073070078,4532
SLD012,PAQ_MINS,log,sqrt,0.26342293113581267,0.26342293113581267,4519
SLD012,PAQ_MINS,log,log,0.2618030879802699,0.2618030879802699,4519
BPXSY1,LBXGLU,square,square,0.24961884356989936,0.24961884356989936,4492
BPXSY1,LBXGLU,original,square,0.24691937557576385,0.24691937557576385,4492
BPXSY1,LBXGLU,square,original,0.24580127673639926,0.24580127673639926,4492
DPQ_TOTAL,PAQ_MINS,inverse,original,0.245730491404175,0.245730491404175,4528
BPXSY1,LBXGLU,sqrt,square,0.24530711738910405,0.24530711738910405,4492
BPXSY1,LBXGLU,log,square,0.24352054649384983,0.24352054649384983,4492
BPXSY1,LBXGLU,original,original,0.24347351380191803,0.24347351380191803,4492
BPXSY1,LBXGLU,square,sqrt,0.24337835011284784,0.24337835011284784,4492
BPXSY1,LBXGLU,sqrt,original,0.2420505573601817,0.2420505573601817,4492
SLD012,DPQ_TOTAL,square,square,-0.24200368924505078,0.24200368924505078,4532
BPXSY1,LBXGLU,original,sqrt,0.24123689214738225,0.24123689214738225,4492
BPXSY1,LBXGLU,square,log,0.24063540080972723,0.24063540080972723,4492
BPXSY1,LBXGLU,log,original,0.24045530659968106,0.24045530659968106,4492
BPXSY1,LBXGLU,sqrt,sqrt,0.23990995536237195,0.23990995536237195,4492
SLD012,PAQ_MINS,log,original,0.2394491527995785,0.2394491527995785,4519
BPXSY1,LBXGLU,inverse,square,-0.2394298311427192,0.2394298311427192,4492
BPXSY1,LBXGLU,original,log,0.23868061388394055,0.23868061388394055,4492
BPXSY1,LBXGLU,log,sqrt,0.2384125072693656,0.2384125072693656,4492
SLD012,PAQ_MINS,sqrt,sqrt,0.23810029925028295,0.23810029925028295,4519
BPXSY1,LBXGLU,sqrt,log,0.23745062118326737,0.23745062118326737,4492
BPXSY1,LBXGLU,inverse,original,-0.2367523368256685,0.2367523368256685,4492
SLD012,PAQ_MINS,sqrt,log,0.2361304600223054,0.2361304600223054,4519
BPXSY1,LBXGLU,log,log,0.23605240262958563,0.23605240262958563,4492
SLD012,DPQ_TOTAL,original,log,-0.23589000090640116,0.23589000090640116,4532
BPXSY1,LBXGLU,inverse,sqrt,-0.23491003385444645,0.23491003385444645,4492
BPXSY1,LBXGLU,square,inverse,-0.23424624568347957,0.23424624568347957,4492
BPXSY1,LBXGLU,inverse,log,-0.23275479866188048,0.23275479866188048,4492
BPXSY1,LBXGLU,original,inverse,-0.23266636642283986,0.23266636642283986,4492
BPXSY1,LBXGLU,sqrt,inverse,-0.2316332151764058,0.2316332151764058,4492
BPXSY1,LBXGLU,log,inverse,-0.23043788102201096,0.23043788102201096,4492
BPXSY1,LBXGLU,inverse,inverse,0.22756332123085285,0.22756332123085285,4492
SLD012,DPQ_TOTAL,square,original,-0.22501149291156877,0.22501149291156877,4532
SLD012,PAQ_MINS,sqrt,original,0.21721179098017934,0.21721179098017934,4519
SLD012,PAQ_MINS,inverse,square,-0.21550287443995414,0.21550287443995414,4519
SLD012,PAQ_MINS,original,sqrt,0.2108042366059517,0.2108042366059517,4519
BMXBMI,LBXTC,sqrt,original,0.20898899996340767,0.20898899996340767,4510
BMXBMI,LBXTC,sqrt,sqrt,0.20897590357729198,0.20897590357729198,4510
DPQ_TOTAL,PAQ_MINS,inverse,sqrt,0.20889846882361357,0.20889846882361357,4528
BMXBMI,LBXTC,original,original,0.20883821148715187,0.20883821148715187,4510
SLD012,PAQ_MINS,original,log,0.20871368968166362,0.20871368968166362,4519
BMXBMI,LBXTC,original,sqrt,0.20870913770483354,0.20870913770483354,4510
BMXBMI,LBXTC,log,sqrt,0.20838449437601322,0.20838449437601322,4510
BMXBMI,LBXTC,sqrt,log,0.2083634565419382,0.2083634565419382,4510
BMXBMI,LBXTC,log,original,0.20827552902692484,0.20827552902692484,4510
BMXBMI,LBXTC,original,log,0.20797428173869592,0.20797428173869592,4510
BMXBMI,LBXTC,log,log,0.20790358289661107,0.20790358289661107,4510
BMXBMI,LBXTC,original,square,0.2073930056262628,0.2073930056262628,4510
BMXBMI,LBXTC,sqrt,square,0.20732918849328918,0.20732918849328918,4510
BMXBMI,LBXTC,square,original,0.2064504918471452,0.2064504918471452,4510
BMXBMI,LBXTC,log,square,0.20639700264995395,0.20639700264995395,4510
BMXBMI,LBXTC,square,sqrt,0.2061113366116906,0.2061113366116906,4510
BMXBMI,LBXTC,square,square,0.20541141288288306,0.20541141288288306,4510
BMXBMI,LBXTC,sqrt,inverse,-0.20524481552531684,0.20524481552531684,4510
BMXBMI,LBXTC,square,log,0.20516136061108162,0.20516136061108162,4510
BMXBMI,LBXTC,log,inverse,-0.20508062343839428,0.20508062343839428,4510
BMXBMI,LBXVIDMS,sqrt,original,-0.2046176326536865,0.2046176326536865,4524
BMXBMI,LBXTC,original,inverse,-0.20458864582947525,0.20458864582947525,4510
BMXBMI,LBXVIDMS,log,original,-0.20428253961923531,0.20428253961923531,4524
BMXBMI,LBXVIDMS,original,original,-0.20401804607727642,0.20401804607727642,4524
BMXBMI,LBXVIDMS,sqrt,square,-0.203902242699753,0.203902242699753,4524
BMXBMI,LBXTC,inverse,sqrt,-0.20380296796161282,0.20380296796161282,4510
BMXBMI,LBXVIDMS,log,square,-0.20377709408716224,0.20377709408716224,4524
BMXBMI,LBXTC,inverse,log,-0.2036063743915744,0.2036063743915744,4510
BMXBMI,LBXTC,inverse,original,-0.2034394788236985,0.2034394788236985,4510
BMXBMI,LBXVIDMS,original,square,-0.20305919965490923,0.20305919965490923,4524
BMXBMI,LBXVIDMS,sqrt,sqrt,-0.20148956330656861,0.20148956330656861,4524
BMXBMI,LBXTC,inverse,inverse,0.2014540382448407,0.2014540382448407,4510
BMXBMI,LBXTC,square,inverse,-0.20132804932598675,0.20132804932598675,4510
BMXBMI,LBXTC,inverse,square,-0.20113175811034015,0.20113175811034015,4510
BMXBMI,LBXVIDMS,log,sqrt,-0.20105286636715608,0.20105286636715608,4524
BMXBMI,LBXVIDMS,original,sqrt,-0.2010265898481667,0.2010265898481667,4524
BMXBMI,LBXVIDMS,square,original,-0.20067938669234484,0.20067938669234484,4524
SLD012,DPQ_TOTAL,square,sqrt,-0.2005550351338166,0.2005550351338166,4532
BMXBMI,LBXVIDMS,inverse,original,0.19976585430309546,0.19976585430309546,4524
BMXBMI,LBXVIDMS,inverse,square,0.19954255479793315,0.19954255479793315,4524
BMXBMI,LBXVIDMS,square,square,-0.19916264401157294,0.19916264401157294,4524
BMXBMI,LBXVIDMS,square,sqrt,-0.19803997702711312,0.19803997702711312,4524
BMXBMI,LBXVIDMS,inverse,sqrt,0.19647411162155923,0.19647411162155923,4524
BMXBMI,LBXVIDMS,sqrt,log,-0.19588452555570268,0.19588452555570268,4524
BMXBMI,LBXVIDMS,original,log,-0.1955605015375771,0.1955605015375771,4524
BMXBMI,LBXVIDMS,log,log,-0.19535469619128262,0.19535469619128262,4524
BMXBMI,LBXVIDMS,square,log,-0.1929561908921292,0.1929561908921292,4524
SLD012,PAQ_MINS,original,original,0.19291995497285186,0.19291995497285186,4519
BMXBMI,LBXVIDMS,inverse,log,0.19077433162515237,0.19077433162515237,4524
SLD012,PAQ_MINS,log,square,0.19009618168320308,0.19009618168320308,4519
RIDAGEYR,ALQ120Q,sqrt,original,0.1824562250677636,0.1824562250677636,4517
RIDAGEYR,ALQ120Q,log,original,0.18181176942945257,0.18181176942945257,4517
RIDAGEYR,ALQ120Q,original,original,0.18145123471845373,0.18145123471845373,4517
BMXBMI,LBXVIDMS,sqrt,inverse,0.17877765104257795,0.17877765104257795,4524
BMXBMI,LBXVIDMS,original,inverse,0.1787065519394487,0.1787065519394487,4524
RIDAGEYR,ALQ120Q,sqrt,log,0.17842010215238796,0.17842010215238796,4517
BMXBMI,LBXVIDMS,log,inverse,0.17810567117243134,0.17810567117243134,4524
RIDAGEYR,ALQ120Q,original,log,0.17768226207082935,0.17768226207082935,4517
RIDAGEYR,ALQ120Q,log,log,0.17758908978307084,0.17758908978307084,4517
BMXBMI,LBXVIDMS,square,inverse,0.17686218821756797,0.17686218821756797,4524
RIDAGEYR,ALQ120Q,log,sqrt,0.17618627513575735,0.17618627513575735,4517
RIDAGEYR,ALQ120Q,sqrt,sqrt,0.1761201717962497,0.1761201717962497,4517
RIDAGEYR,ALQ120Q,inverse,original,-0.17571010752790836,0.17571010752790836,4517
RIDAGEYR,ALQ120Q,square,original,0.17528879601865263,0.17528879601865263,4517
RIDAGEYR,ALQ120Q,original,sqrt,0.174532950258547,0.174532950258547,4517
BMXBMI,LBXVIDMS,inverse,inverse,-0.17368955703740738,0.17368955703740738,4524
SLD012,PAQ_MINS,sqrt,square,0.17319441300226618,0.17319441300226618,4519
SLD012,DPQ_TOTAL,square,log,-0.17261205552564818,0.17261205552564818,4532
RIDAGEYR,ALQ120Q,square,log,0.1722288723138816,0.1722288723138816,4517
RIDAGEYR,ALQ120Q,inverse,sqrt,-0.17174348366152437,0.17174348366152437,4517
RIDAGEYR,ALQ120Q,inverse,log,-0.171371427152363,0.171371427152363,4517
RIDAGEYR,LBXGLU,square,square,0.16771772123498763,0.16771772123498763,4512
RIDAGEYR,ALQ120Q,square,sqrt,0.167645817385353,0.167645817385353,4517
RIDAGEYR,LBXGLU,original,square,0.16675207182490792,0.16675207182490792,4512
DPQ_TOTAL,PAQ_MINS,inverse,log,0.1646003333968512,0.1646003333968512,4528
RIDAGEYR,LBXGLU,square,original,0.16434919753485117,0.16434919753485117,4512
RIDAGEYR,LBXGLU,sqrt,square,0.16411160484547793,0.16411160484547793,4512
RIDAGEYR,LBXGLU,original,original,0.16352096161824575,0.16352096161824575,4512
RIDAGEYR,LBXGLU,square,sqrt,0.16218055587140204,0.16218055587140204,4512
RIDAGEYR,LBXGLU,original,sqrt,0.1614194159944059,0.1614194159944059,4512
RIDAGEYR,ALQ120Q,sqrt,square,0.16121529003252166,0.16121529003252166,4517
RIDAGEYR,LBXGLU,sqrt,original,0.16102117825973106,0.16102117825973106,4512
RIDAGEYR,ALQ120Q,original,square,0.16064014467083387,0.16064014467083387,4517
RIDAGEYR,ALQ120Q,log,square,0.16022415070488885,0.16022415070488885,4517
RIDAGEYR,LBXGLU,log,square,0.1599412481798618,0.1599412481798618,4512
RIDAGEYR,LBXGLU,square,log,0.15971645150892103,0.15971645150892103,4512
RIDAGEYR,LBXGLU,original,log,0.15901953519960565,0.15901953519960565,4512
RIDAGEYR,LBXGLU,sqrt,sqrt,0.1589942161615529,0.1589942161615529,4512
RIDAGEYR,LBXGLU,log,original,0.15703608228990046,0.15703608228990046,4512
RIDAGEYR,LBXGLU,sqrt,log,0.1566703698793468,0.1566703698793468,4512
RIDAGEYR,ALQ120Q,square,square,0.15546819512047,0.15546819512047,4517
RIDAGEYR,LBXGLU,log,sqrt,0.1551097334684254,0.1551097334684254,4512
SLD012,PAQ_MINS,original,square,0.15442638608395304,0.15442638608395304,4519
RIDAGEYR,LBXGLU,square,inverse,-0.15397532879375603,0.15397532879375603,4512
RIDAGEYR,ALQ120Q,inverse,square,-0.15377117401217696,0.15377117401217696,4517
SLD012,PAQ_MINS,square,sqrt,0.15354855892252106,0.15354855892252106,4519
RIDAGEYR,LBXGLU,original,inverse,-0.153393408991803,0.153393408991803,4512
RIDAGEYR,LBXGLU,log,log,0.15289017567607635,0.15289017567607635,4512
SLD012,PAQ_MINS,square,log,0.15172878498259904,0.15172878498259904,4519
RIDAGEYR,LBXGLU,sqrt,inverse,-0.15119696790420845,0.15119696790420845,4512
RIDAGEYR,LBXGLU,inverse,square,-0.14767386242387506,0.14767386242387506,4512
RIDAGEYR,LBXGLU,log,inverse,-0.1476319526929384,0.1476319526929384,4512
RIDAGEYR,LBXGLU,inverse,original,-0.14523281027608825,0.14523281027608825,4512
RIDAGEYR,LBXGLU,inverse,sqrt,-0.14356466646988222,0.14356466646988222,4512
RIDAGEYR,LBXGLU,inverse,log,-0.14161697650920482,0.14161697650920482,4512
SLD012,PAQ_MINS,square,original,0.14129516069895684,0.14129516069895684,4519
RIDAGEYR,LBXGLU,inverse,inverse,0.13693334953639613,0.13693334953639613,4512
BPXSY1,ALQ120Q,log,log,0.12376249113413647,0.12376249113413647,4496
BPXSY1,ALQ120Q,sqrt,log,0.123677345093171,0.123677345093171,4496
BPXSY1,ALQ120Q,inverse,log,-0.12366179329690298,0.12366179329690298,4496
BPXSY1,ALQ120Q,original,log,0.12350550337550677,0.12350550337550677,4496
BPXSY1,ALQ120Q,square,log,0.12291352855375641,0.12291352855375641,4496
BPXSY1,ALQ120Q,sqrt,original,0.12152514506814528,0.12152514506814528,4496
BPXSY1,ALQ120Q,log,original,0.12149291408517006,0.12149291408517006,4496
BPXSY1,ALQ120Q,original,original,0.12147510873554104,0.12147510873554104,4496
BPXSY1,ALQ120Q,inverse,original,-0.12117309368843315,0.12117309368843315,4496
BPXSY1,ALQ120Q,square,original,0.12113785115449778,0.12113785115449778,4496
LBXTC,LBXGLU,sqrt,square,0.11869935835253365,0.11869935835253365,4484
LBXTC,LBXGLU,original,square,0.11852417418753647,0.11852417418753647,4484
LBXTC,LBXGLU,log,square,0.11851580551164093,0.11851580551164093,4484
LBXTC,LBXGLU,sqrt,original,0.11760395407216617,0.11760395407216617,4484
LBXTC,LBXGLU,log,original,0.11745262337178802,0.11745262337178802,4484
LBXTC,LBXGLU,original,original,0.11740451273798783,0.11740451273798783,4484
LBXTC,LBXGLU,square,square,0.1172137878136126,0.1172137878136126,4484
LBXTC,LBXGLU,inverse,square,-0.11695558189576599,0.11695558189576599,4484
LBXGLU,LBXVIDMS,original,original,-0.11688589316362478,0.11688589316362478,4500
LBXGLU,LBXVIDMS,square,original,-0.11684373488194756,0.11684373488194756,4500
LBXTC,LBXGLU,sqrt,sqrt,0.11671831730020066,0.11671831730020066,4484
LBXGLU,LBXVIDMS,sqrt,original,-0.11670448091771118,0.11670448091771118,4500
LBXTC,LBXGLU,log,sqrt,0.11658167472258578,0.11658167472258578,4484
LBXTC,LBXGLU,original,sqrt,0.11650924310532265,0.11650924310532265,4484
LBXGLU,LBXVIDMS,log,original,-0.11639499761837192,0.11639499761837192,4500
LBXTC,LBXGLU,square,original,0.11606842706487801,0.11606842706487801,4484
LBXTC,LBXGLU,inverse,original,-0.11598082923774987,0.11598082923774987,4484
LBXGLU,LBXVIDMS,square,sqrt,-0.1159422929984665,0.1159422929984665,4500
LBXGLU,LBXVIDMS,original,sqrt,-0.11578175699213648,0.11578175699213648,4500
LBXTC,LBXGLU,sqrt,log,0.11562119292549702,0.11562119292549702,4484
LBXGLU,LBXVIDMS,sqrt,sqrt,-0.11550293264670002,0.11550293264670002,4500
LBXTC,LBXGLU,log,log,0.11549782429589964,0.11549782429589964,4484
LBXGLU,LBXVIDMS,inverse,original,0.11540784458811854,0.11540784458811854,4500
LBXTC,LBXGLU,original,log,0.115404541020451,0.115404541020451,4484
LBXTC,LBXGLU,square,sqrt,0.11516823559206041,0.11516823559206041,4484
LBXTC,LBXGLU,inverse,sqrt,-0.11515474730045645,0.11515474730045645,4484
LBXGLU,LBXVIDMS,log,sqrt,-0.11509774800439614,0.11509774800439614,4500
LBXGLU,LBXVIDMS,original,square,-0.11509279585480413,0.11509279585480413,4500
LBXGLU,LBXVIDMS,sqrt,square,-0.11505248089319332,0.11505248089319332,4500
LBXGLU,LBXVIDMS,log,square,-0.11488435231533929,0.11488435231533929,4500
LBXGLU,LBXVIDMS,square,square,-0.1147649351583632,0.1147649351583632,4500
LBXGLU,LBXVIDMS,inverse,square,0.11418463460182697,0.11418463460182697,4500
LBXTC,LBXGLU,inverse,log,-0.11411505282435899,0.11411505282435899,4484
LBXTC,LBXGLU,square,log,0.11406445646173898,0.11406445646173898,4484
LBXGLU,LBXVIDMS,inverse,sqrt,0.11392197484941187,0.11392197484941187,4500
SLD012,PAQ_MINS,square,square,0.11388818641919486,0.11388818641919486,4519
BPXSY1,ALQ120Q,inverse,sqrt,-0.11384261986629016,0.11384261986629016,4496
LBXGLU,LBXVIDMS,square,log,-0.11353478089066292,0.11353478089066292,4500
BPXSY1,ALQ120Q,log,sqrt,0.11342903502366816,0.11342903502366816,4496
LBXGLU,LBXVIDMS,original,log,-0.11313866014510313,0.11313866014510313,4500
BPXSY1,ALQ120Q,sqrt,sqrt,0.11309784303706814,0.11309784303706814,4496
LBXTC,LBXGLU,sqrt,inverse,-0.1128269409906639,0.1128269409906639,4484
LBXGLU,LBXVIDMS,sqrt,log,-0.11274853674239253,0.11274853674239253,4500
LBXTC,LBXGLU,log,inverse,-0.112724622335264,0.112724622335264,4484
BPXSY1,ALQ120Q,original,sqrt,0.11268725097425186,0.11268725097425186,4496
LBXTC,LBXGLU,original,inverse,-0.11260234769821133,0.11260234769821133,4484
LBXGLU,LBXVIDMS,log,log,-0.1122353817956628,0.1122353817956628,4500
BPXSY1,ALQ120Q,square,sqrt,0.11163955541355455,0.11163955541355455,4496
LBXTC,LBXGLU,inverse,inverse,0.11142493345477382,0.11142493345477382,4484
LBXTC,LBXGLU,square,inverse,-0.11128311022962567,0.11128311022962567,4484
LBXGLU,LBXVIDMS,inverse,log,0.11085117943751814,0.11085117943751814,4500
BPXSY1,ALQ120Q,square,square,0.10980238732838302,0.10980238732838302,4496
BPXSY1,ALQ120Q,original,square,0.10916181052227507,0.10916181052227507,4496
BPXSY1,ALQ120Q,sqrt,square,0.10873966228548824,0.10873966228548824,4496
BPXSY1,ALQ120Q,log,square,0.10824808223922257,0.10824808223922257,4496
BPXSY1,ALQ120Q,inverse,square,-0.10705298562810939,0.10705298562810939,4496
LBXGLU,LBXVIDMS,square,inverse,0.10480044381271807,0.10480044381271807,4500
LBXGLU,LBXVIDMS,original,inverse,0.10389379120247232,0.10389379120247232,4500
LBXGLU,LBXVIDMS,sqrt,inverse,0.1032683315272979,0.1032683315272979,4500
LBXGLU,LBXVIDMS,log,inverse,0.10253107699446112,0.10253107699446112,4500
LBXGLU,LBXVIDMS,inverse,inverse,-0.10072753487684545,0.10072753487684545,4500
BPXSY1,LBXVIDMS,square,square,-0.09802747801339838,0.09802747801339838,4488
BPXSY1,LBXVIDMS,square,original,-0.09754344803198785,0.09754344803198785,4488
BPXSY1,LBXVIDMS,original,square,-0.09734515240065324,0.09734515240065324,4488
BPXSY1,LBXVIDMS,original,original,-0.09703130733631121,0.09703130733631121,4488
BPXSY1,LBXVIDMS,sqrt,square,-0.09689275582931144,0.09689275582931144,4488
BPXSY1,LBXVIDMS,sqrt,original,-0.09667891292384094,0.09667891292384094,4488
BPXSY1,LBXVIDMS,log,square,-0.09636325060278174,0.09636325060278174,4488
BPXSY1,LBXVIDMS,log,original,-0.09625922531480344,0.09625922531480344,4488
BPXSY1,LBXVIDMS,square,sqrt,-0.09526482778836988,0.09526482778836988,4488
BPXSY1,LBXVIDMS,inverse,original,0.09520984628002577,0.09520984628002577,4488
BPXSY1,LBXVIDMS,inverse,square,0.09506553176194095,0.09506553176194095,4488
BPXSY1,LBXVIDMS,original,sqrt,-0.09485100764340972,0.09485100764340972,4488
BPXSY1,LBXVIDMS,sqrt,sqrt,-0.09455794621702113,0.09455794621702113,4488
BPXSY1,LBXVIDMS,log,sqrt,-0.09420436779004747,0.09420436779004747,4488
BPXSY1,LBXVIDMS,inverse,sqrt,0.09330730914448708,0.09330730914448708,4488
SLD012,DPQ_TOTAL,inverse,inverse,-0.0931205898849269,0.0931205898849269,4532
BPXSY1,LBXVIDMS,square,log,-0.09159240116642886,0.09159240116642886,4488
BPXSY1,LBXVIDMS,original,log,-0.09127656462693003,0.09127656462693003,4488
BPXSY1,LBXVIDMS,sqrt,log,-0.09104414835515451,0.09104414835515451,4488
BPXSY1,LBXVIDMS,log,log,-0.09075902630493732,0.09075902630493732,4488
BPXSY1,LBXVIDMS,inverse,log,0.0900222217412413,0.0900222217412413,4488
SLD012,DPQ_TOTAL,log,inverse,0.08267191892569269,0.08267191892569269,4532
BPXSY1,LBXVIDMS,square,inverse,0.08113268013977415,0.08113268013977415,4488
BPXSY1,LBXVIDMS,original,inverse,0.08097714619348022,0.08097714619348022,4488
BPXSY1,LBXVIDMS,sqrt,inverse,0.0808500178229288,0.0808500178229288,4488
BPXSY1,LBXVIDMS,log,inverse,0.08068716779258417,0.08068716779258417,4488
BPXSY1,LBXVIDMS,inverse,inverse,-0.08024611118190898,0.08024611118190898,4488
LBXTC,ALQ120Q,square,log,0.07872963321378117,0.07872963321378117,4489
LBXTC,ALQ120Q,original,log,0.07804572002806467,0.07804572002806467,4489
LBXTC,ALQ120Q,sqrt,log,0.07741164863103567,0.07741164863103567,4489
LBXTC,ALQ120Q,log,log,0.07656480315433617,0.07656480315433617,4489
SLD012,DPQ_TOTAL,sqrt,inverse,0.07536792982315653,0.07536792982315653,4532
LBXTC,ALQ120Q,square,original,0.07508470225906627,0.07508470225906627,4489
LBXTC,ALQ120Q,original,original,0.07447405316273768,0.07447405316273768,4489
LBXTC,ALQ120Q,inverse,log,-0.07416887943675537,0.07416887943675537,4489
LBXTC,ALQ120Q,square,sqrt,0.07386825211412668,0.07386825211412668,4489
LBXTC,ALQ120Q,sqrt,original,0.07386528883669409,0.07386528883669409,4489
LBXTC,ALQ120Q,original,sqrt,0.07317486290106087,0.07317486290106087,4489
LBXTC,ALQ120Q,log,original,0.07303517805965527,0.07303517805965527,4489
LBXTC,ALQ120Q,sqrt,sqrt,0.07251503621423533,0.07251503621423533,4489
LBXTC,ALQ120Q,log,sqrt,0.07162741798680122,0.07162741798680122,4489
LBXTC,ALQ120Q,inverse,original,-0.07064714625209398,0.07064714625209398,4489
RIDAGEYR,LBXVIDMS,square,square,-0.06939827176145806,0.06939827176145806,4514
LBXTC,ALQ120Q,inverse,sqrt,-0.06910902343522031,0.06910902343522031,4489
RIDAGEYR,LBXVIDMS,original,square,-0.06884233258551861,0.06884233258551861,4514
RIDAGEYR,LBXVIDMS,sqrt,square,-0.06768872067527087,0.06768872067527087,4514
SLD012,DPQ_TOTAL,original,inverse,0.0670958904501797,0.0670958904501797,4532
RIDAGEYR,LBXVIDMS,square,original,-0.06677728035364024,0.06677728035364024,4514
RIDAGEYR,LBXVIDMS,log,square,-0.06587044046682422,0.06587044046682422,4514
RIDAGEYR,LBXVIDMS,original,original,-0.06534330494147501,0.06534330494147501,4514
RIDAGEYR,LBXVIDMS,square,sqrt,-0.06387655277697771,0.06387655277697771,4514
RIDAGEYR,LBXVIDMS,sqrt,original,-0.06383486093233155,0.06383486093233155,4514
RIDAGEYR,LBXVIDMS,original,sqrt,-0.062113730259878625,0.062113730259878625,4514
RIDAGEYR,LBXVIDMS,log,original,-0.061746995493245665,0.061746995493245665,4514
RIDAGEYR,LBXVIDMS,sqrt,sqrt,-0.060510713588880174,0.060510713588880174,4514
RIDAGEYR,LBXVIDMS,inverse,square,0.06039832382429662,0.06039832382429662,4514
RIDAGEYR,LBXVIDMS,square,log,-0.05997691747742288,0.05997691747742288,4514
LBXTC,ALQ120Q,square,square,0.05947623726759917,0.05947623726759917,4489
LBXTC,ALQ120Q,original,square,0.05907051617324057,0.05907051617324057,4489
LBXTC,ALQ120Q,sqrt,square,0.05862576219577705,0.05862576219577705,4489
RIDAGEYR,LBXVIDMS,log,sqrt,-0.05838821338480077,0.05838821338480077,4514
RIDAGEYR,ALQ120Q,square,inverse,-0.05805164832226301,0.05805164832226301,4517
LBXTC,ALQ120Q,log,square,0.05800528580364638,0.05800528580364638,4489
RIDAGEYR,LBXVIDMS,original,log,-0.05799917741413448,0.05799917741413448,4514
RIDAGEYR,ALQ120Q,original,inverse,-0.05706358551090046,0.05706358551090046,4517
BPXSY1,ALQ120Q,square,inverse,-0.056856851285123945,0.056856851285123945,4496
RIDAGEYR,LBXVIDMS,sqrt,log,-0.05637337448531725,0.05637337448531725,4514
LBXTC,ALQ120Q,inverse,square,-0.05618716909894256,0.05618716909894256,4489
BPXSY1,ALQ120Q,original,inverse,-0.056179978095839786,0.056179978095839786,4496
RIDAGEYR,LBXVIDMS,inverse,original,0.0560344850671842,0.0560344850671842,4514
BPXSY1,ALQ120Q,sqrt,inverse,-0.05578440517314933,0.05578440517314933,4496
RIDAGEYR,ALQ120Q,sqrt,inverse,-0.05575369646655778,0.05575369646655778,4517
BPXSY1,ALQ120Q,log,inverse,-0.05534945537658125,0.05534945537658125,4496
BPXSY1,ALQ120Q,inverse,inverse,0.05435743307923701,0.05435743307923701,4496
RIDAGEYR,LBXVIDMS,log,log,-0.05429592253078806,0.05429592253078806,4514
DPQ_TOTAL,PAQ_MINS,log,inverse,0.05409246228241021,0.05409246228241021,4528
DPQ_TOTAL,PAQ_MINS,sqrt,inverse,0.05393356762309102,0.05393356762309102,4528
RIDAGEYR,ALQ120Q,log,inverse,-0.05390227539250474,0.05390227539250474,4517
BMXBMI,ALQ120Q,inverse,log,-0.05354459540272382,0.05354459540272382,4518
RIDAGEYR,LBXVIDMS,inverse,sqrt,0.05279196982984163,0.05279196982984163,4514
BMXBMI,ALQ120Q,log,log,0.05219803150595607,0.05219803150595607,4518
BMXBMI,ALQ120Q,sqrt,log,0.05132608918398463,0.05132608918398463,4518
DPQ_TOTAL,PAQ_MINS,original,inverse,0.050495346438418104,0.050495346438418104,4528
BMXBMI,ALQ120Q,original,log,0.050347128523691165,0.050347128523691165,4518
RIDAGEYR,LBXVIDMS,square,inverse,0.05030215605033561,0.05030215605033561,4514
LBXTC,LBXVIDMS,inverse,square,0.04975254254012507,0.04975254254012507,4493
LBXTC,LBXVIDMS,log,square,-0.04956276733016253,0.04956276733016253,4493
LBXTC,LBXVIDMS,sqrt,square,-0.049323475112293846,0.049323475112293846,4493
LBXTC,LBXVIDMS,original,square,-0.049005628128319975,0.049005628128319975,4493
RIDAGEYR,LBXVIDMS,inverse,log,0.04898679210111847,0.04898679210111847,4514
RIDAGEYR,ALQ120Q,inverse,inverse,0.04890953064086199,0.04890953064086199,4517
SLD012,DPQ_TOTAL,square,inverse,0.048876280199737256,0.048876280199737256,4532
RIDAGEYR,LBXVIDMS,original,inverse,0.04826391748720096,0.04826391748720096,4514
LBXTC,LBXVIDMS,square,square,-0.04817616058577611,0.04817616058577611,4493
BMXBMI,ALQ120Q,square,log,0.04810668035704443,0.04810668035704443,4518
BMXBMI,ALQ120Q,inverse,original,-0.04773766542738902,0.04773766542738902,4518
BMXBMI,ALQ120Q,log,original,0.04764485277149159,0.04764485277149159,4518
BMXBMI,ALQ120Q,sqrt,original,0.0474456248161033,0.0474456248161033,4518
BMXBMI,ALQ120Q,original,original,0.04714347229906334,0.04714347229906334,4518
BMXBMI,ALQ120Q,sqrt,sqrt,0.046842600027842074,0.046842600027842074,4518
BMXBMI,ALQ120Q,original,sqrt,0.046808041281408565,0.046808041281408565,4518
RIDAGEYR,LBXVIDMS,sqrt,inverse,0.046795259844005205,0.046795259844005205,4514
BMXBMI,ALQ120Q,log,sqrt,0.04678946427658394,0.04678946427658394,4518
LBXTC,LBXVIDMS,inverse,original,0.04673861531643463,0.04673861531643463,4493
BMXBMI,ALQ120Q,inverse,sqrt,-0.046491482552838984,0.046491482552838984,4518
BMXBMI,ALQ120Q,square,sqrt,0.04641742944497251,0.04641742944497251,4518
BMXBMI,ALQ120Q,square,original,0.04621784413502397,0.04621784413502397,4518
LBXTC,LBXVIDMS,log,original,-0.04621022773109694,0.04621022773109694,4493
LBXTC,LBXVIDMS,sqrt,original,-0.0458366130561869,0.0458366130561869,4493
LBXTC,LBXVIDMS,original,original,-0.045405104304898046,0.045405104304898046,4493
LBXTC,PAQ_MINS,square,original,-0.04537619967312564,0.04537619967312564,4494
RIDAGEYR,LBXVIDMS,log,inverse,0.04501465172456205,0.04501465172456205,4514
LBXTC,PAQ_MINS,square,sqrt,-0.04463465072915726,0.04463465072915726,4494
LBXTC,LBXVIDMS,square,original,-0.044400658955831215,0.044400658955831215,4493
LBXTC,LBXVIDMS,inverse,sqrt,0.044229284415969565,0.044229284415969565,4493
LBXTC,LBXVIDMS,log,sqrt,-0.04356094320798444,0.04356094320798444,4493
LBXTC,LBXVIDMS,sqrt,sqrt,-0.04313652595545391,0.04313652595545391,4493
LBXTC,LBXVIDMS,original,sqrt,-0.04266558242833497,0.04266558242833497,4493
LBXTC,PAQ_MINS,original,original,-0.042636247630900674,0.042636247630900674,4494
LBXTC,PAQ_MINS,square,square,-0.042016334437153816,0.042016334437153816,4494
LBXTC,PAQ_MINS,original,sqrt,-0.04170292862742757,0.04170292862742757,4494
LBXTC,LBXVIDMS,square,sqrt,-0.041611398394958095,0.041611398394958095,4493
LBXTC,DPQ_TOTAL,square,sqrt,0.04157687978866771,0.04157687978866771,4497
LBXTC,LBXVIDMS,inverse,log,0.041169732933300396,0.041169732933300396,4493
LBXTC,PAQ_MINS,sqrt,original,-0.04093789239205828,0.04093789239205828,4494
LBXTC,PAQ_MINS,square,log,-0.040817632721886585,0.040817632721886585,4494
RIDAGEYR,LBXVIDMS,inverse,inverse,-0.0406748420825658,0.0406748420825658,4514
PAQ_MINS,ALQ120Q,log,square,-0.040488141618456625,0.040488141618456625,4510
LBXTC,LBXVIDMS,log,log,-0.04039745408663444,0.04039745408663444,4493
LBXTC,DPQ_TOTAL,original,sqrt,0.04026448188149501,0.04026448188149501,4497
LBXTC,LBXVIDMS,sqrt,log,-0.0399397993715569,0.0399397993715569,4493
LBXTC,PAQ_MINS,sqrt,sqrt,-0.039879200738045954,0.039879200738045954,4494
LBXTC,PAQ_MINS,original,square,-0.03985023623657616,0.03985023623657616,4494
LBXTC,DPQ_TOTAL,square,log,0.03979386981542762,0.03979386981542762,4497
LBXTC,LBXVIDMS,original,log,-0.039446736211248196,0.039446736211248196,4493
LBXTC,DPQ_TOTAL,sqrt,sqrt,0.039393104231894085,0.039393104231894085,4497
LBXTC,PAQ_MINS,log,original,-0.039022589692172274,0.039022589692172274,4494
LBXTC,DPQ_TOTAL,square,original,0.03895320997347365,0.03895320997347365,4497
LBXTC,DPQ_TOTAL,original,log,0.03869030914099277,0.03869030914099277,4497
BMXBMI,ALQ120Q,original,square,0.03859441222293094,0.03859441222293094,4518
BMXBMI,ALQ120Q,sqrt,square,0.03853909152152181,0.03853909152152181,4518
LBXTC,PAQ_MINS,sqrt,square,-0.03851064581958692,0.03851064581958692,4494
BMXBMI,ALQ120Q,square,square,0.03840281691896045,0.03840281691896045,4518
BMXBMI,ALQ120Q,log,square,0.03838518566620286,0.03838518566620286,4518
LBXTC,LBXVIDMS,square,log,-0.03837697848759588,0.03837697848759588,4493
LBXTC,DPQ_TOTAL,log,sqrt,0.03836933754155256,0.03836933754155256,4497
PAQ_MINS,ALQ120Q,sqrt,inverse,0.0383160160322118,0.0383160160322118,4510
DPQ_TOTAL,PAQ_MINS,square,inverse,0.03823493607504505,0.03823493607504505,4528
PAQ_MINS,ALQ120Q,log,inverse,0.0382258641300049,0.0382258641300049,4510
LBXTC,PAQ_MINS,original,log,-0.03797597437913849,0.03797597437913849,4494
LBXTC,DPQ_TOTAL,sqrt,log,0.03796457180447161,0.03796457180447161,4497
LBXTC,PAQ_MINS,log,sqrt,-0.03782030682623453,0.03782030682623453,4494
BMXBMI,ALQ120Q,inverse,square,-0.03777924036373004,0.03777924036373004,4518
LBXTC,DPQ_TOTAL,log,log,0.03711496947221129,0.03711496947221129,4497
LBXTC,DPQ_TOTAL,original,original,0.037086062604076625,0.037086062604076625,4497
LBXTC,PAQ_MINS,log,square,-0.036997763864045366,0.036997763864045366,4494
PAQ_MINS,ALQ120Q,original,inverse,0.03698372121228435,0.03698372121228435,4510
DPQ_TOTAL,ALQ120Q,inverse,inverse,0.0364475471066633,0.0364475471066633,4518
PAQ_MINS,ALQ120Q,sqrt,square,-0.03639581552387912,0.03639581552387912,4510
LBXTC,PAQ_MINS,sqrt,log,-0.03620446788311062,0.03620446788311062,4494
LBXTC,DPQ_TOTAL,sqrt,original,0.035883913735474574,0.035883913735474574,4497
LBXTC,DPQ_TOTAL,inverse,sqrt,-0.035841089147285086,0.035841089147285086,4497
LBXTC,DPQ_TOTAL,inverse,log,-0.03501946859669323,0.03501946859669323,4497
PAQ_MINS,ALQ120Q,square,inverse,0.034757766834610446,0.034757766834610446,4510
PAQ_MINS,ALQ120Q,log,log,-0.03466091928885565,0.03466091928885565,4510
PAQ_MINS,LBXVIDMS,square,inverse,-0.034612500147468805,0.034612500147468805,4511
LBXTC,PAQ_MINS,inverse,original,0.03456929239199255,0.03456929239199255,4494
LBXTC,DPQ_TOTAL,log,original,0.034493041407715495,0.034493041407715495,4497
LBXTC,LBXVIDMS,inverse,inverse,-0.03434801448326809,0.03434801448326809,4493
LBXTC,PAQ_MINS,log,log,-0.034203103344927335,0.034203103344927335,4494
PAQ_MINS,LBXVIDMS,square,log,0.03395204697840349,0.03395204697840349,4511
LBXTC,LBXVIDMS,log,inverse,0.033505993508584374,0.033505993508584374,4493
LBXTC,PAQ_MINS,inverse,square,0.03345781967911247,0.03345781967911247,4494
PAQ_MINS,LBXVIDMS,square,sqrt,0.03325413502228474,0.03325413502228474,4511
PAQ_MINS,ALQ120Q,log,original,-0.03320372220300413,0.03320372220300413,4510
LBXTC,LBXVIDMS,sqrt,inverse,0.03304399823096768,0.03304399823096768,4493
LBXTC,PAQ_MINS,inverse,sqrt,0.03303525502171111,0.03303525502171111,4494
PAQ_MINS,ALQ120Q,sqrt,log,-0.03282643839812521,0.03282643839812521,4510
LBXTC,LBXVIDMS,original,inverse,0.032564652226408565,0.032564652226408565,4493
PAQ_MINS,LBXVIDMS,original,inverse,-0.03227517390226838,0.03227517390226838,4511
PAQ_MINS,LBXVIDMS,square,original,0.0322742904571348,0.0322742904571348,4511
DPQ_TOTAL,LBXVIDMS,log,square,-0.0315806976937232,0.0315806976937232,4517
LBXTC,LBXVIDMS,square,inverse,0.03156908844311176,0.03156908844311176,4493
LBXTC,ALQ120Q,square,inverse,-0.03155613172332479,0.03155613172332479,4489
LBXTC,ALQ120Q,original,inverse,-0.031330525082414726,0.031330525082414726,4489
LBXTC,ALQ120Q,sqrt,inverse,-0.031174597416458828,0.031174597416458828,4489
LBXTC,DPQ_TOTAL,inverse,original,-0.031125935485756637,0.031125935485756637,4497
LBXTC,ALQ120Q,log,inverse,-0.03098755740718456,0.03098755740718456,4489
LBXTC,ALQ120Q,inverse,inverse,0.03049717879222224,0.03049717879222224,4489
PAQ_MINS,ALQ120Q,sqrt,original,-0.03038231217501762,0.03038231217501762,4510
LBXTC,DPQ_TOTAL,square,square,0.03000930255427672,0.03000930255427672,4497
PAQ_MINS,LBXVIDMS,original,log,0.029958431315972863,0.029958431315972863,4511
LBXTC,PAQ_MINS,inverse,log,0.029552566687481376,0.029552566687481376,4494
PAQ_MINS,ALQ120Q,original,square,-0.029483002988767812,0.029483002988767812,4510
PAQ_MINS,LBXVIDMS,square,square,0.02945692688477857,0.02945692688477857,4511
PAQ_MINS,ALQ120Q,original,log,-0.029330261122576768,0.029330261122576768,4510
BPXSY1,DPQ_TOTAL,inverse,square,0.029285311828789854,0.029285311828789854,4512
RIDAGEYR,SLD012,inverse,inverse,0.028899268785262975,0.028899268785262975,4525
BMXBMI,ALQ120Q,inverse,inverse,0.028886042240511344,0.028886042240511344,4518
SLD012,PAQ_MINS,original,inverse,-0.02871321036879785,0.02871321036879785,4519
SLD012,PAQ_MINS,sqrt,inverse,-0.028694669822159846,0.028694669822159846,4519
PAQ_MINS,LBXVIDMS,original,sqrt,0.028622038384756902,0.028622038384756902,4511
DPQ_TOTAL,LBXVIDMS,log,original,-0.02847630738335317,0.02847630738335317,4517
DPQ_TOTAL,ALQ120Q,log,inverse,-0.028450026753699585,0.028450026753699585,4518
SLD012,PAQ_MINS,log,inverse,-0.02821247303216409,0.02821247303216409,4519
BPXSY1,DPQ_TOTAL,log,square,-0.027885174295453993,0.027885174295453993,4512
PAQ_MINS,LBXGLU,square,inverse,0.027858507340387757,0.027858507340387757,4512
SLD012,PAQ_MINS,square,inverse,-0.027622526154817563,0.027622526154817563,4519
RIDAGEYR,SLD012,log,inverse,-0.027414379831501048,0.027414379831501048,4525
LBXTC,DPQ_TOTAL,original,square,0.027411557342709995,0.027411557342709995,4497
PAQ_MINS,LBXVIDMS,original,original,0.027179827436428296,0.027179827436428296,4511
BPXSY1,DPQ_TOTAL,sqrt,square,-0.027161896089806792,0.027161896089806792,4512
PAQ_MINS,ALQ120Q,square,log,-0.026901486096111614,0.026901486096111614,4510
BPXSY1,SLD012,inverse,inverse,0.026839559256376957,0.026839559256376957,4504
DPQ_TOTAL,LBXVIDMS,sqrt,square,-0.026769247856779286,0.026769247856779286,4517
BPXSY1,DPQ_TOTAL,inverse,original,0.026675695269318046,0.026675695269318046,4512
RIDAGEYR,SLD012,sqrt,inverse,-0.02663229735687397,0.02663229735687397,4525
PAQ_MINS,LBXVIDMS,sqrt,inverse,-0.026625718798623733,0.026625718798623733,4511
BPXSY1,DPQ_TOTAL,original,square,-0.026427610602450118,0.026427610602450118,4512
BPXSY1,SLD012,log,inverse,-0.026390702661036214,0.026390702661036214,4504
PAQ_MINS,LBXGLU,square,log,-0.0263558561549025,0.0263558561549025,4512
DPQ_TOTAL,LBXVIDMS,log,sqrt,-0.026221738960825167,0.026221738960825167,4517
BPXSY1,SLD012,sqrt,inverse,-0.026181205929402766,0.026181205929402766,4504
RIDAGEYR,DPQ_TOTAL,log,square,-0.026015622396075754,0.026015622396075754,4530
BPXSY1,SLD012,original,inverse,-0.025983051434043707,0.025983051434043707,4504
BPXSY1,SLD012,inverse,log,-0.025977390592959976,0.025977390592959976,4504
RIDAGEYR,DPQ_TOTAL,inverse,square,0.025908332606073586,0.025908332606073586,4530
RIDAGEYR,SLD012,original,inverse,-0.025847258760562444,0.025847258760562444,4525
LBXTC,DPQ_TOTAL,sqrt,square,0.025832933888823705,0.025832933888823705,4497
BPXSY1,SLD012,log,log,0.02573725923036908,0.02573725923036908,4504
SLD012,PAQ_MINS,inverse,inverse,0.025683907673112752,0.025683907673112752,4519
BPXSY1,SLD012,sqrt,log,0.025640684986675072,0.025640684986675072,4504
BPXSY1,SLD012,square,inverse,-0.025623369231853748,0.025623369231853748,4504
RIDAGEYR,DPQ_TOTAL,sqrt,square,-0.02560177669816321,0.02560177669816321,4530
BPXSY1,SLD012,original,log,0.025560427870229985,0.025560427870229985,4504
PAQ_MINS,ALQ120Q,original,original,-0.025509476883049786,0.025509476883049786,4510
PAQ_MINS,LBXGLU,square,sqrt,-0.025460676688786307,0.025460676688786307,4512
BMXBMI,ALQ120Q,log,inverse,-0.0254510975041995,0.0254510975041995,4518
BPXSY1,SLD012,square,log,0.025449181227743364,0.025449181227743364,4504
BPXSY1,SLD012,inverse,sqrt,-0.025423678417749753,0.025423678417749753,4504
BPXSY1,DPQ_TOTAL,log,original,-0.025359708811934497,0.025359708811934497,4512
BPXSY1,SLD012,log,sqrt,0.025302429377408023,0.025302429377408023,4504
BPXSY1,SLD012,square,sqrt,0.025279983549939936,0.025279983549939936,4504
BPXSY1,SLD012,sqrt,sqrt,0.025269232254422014,0.025269232254422014,4504
BPXSY1,SLD012,original,sqrt,0.025254576939148947,0.025254576939148947,4504
BPXSY1,SLD012,square,original,0.02507977839526917,0.02507977839526917,4504
DPQ_TOTAL,ALQ120Q,square,square,0.024955280002535045,0.024955280002535045,4518
BPXSY1,DPQ_TOTAL,square,square,-0.02493907137433102,0.02493907137433102,4512
BPXSY1,SLD012,original,original,0.024914601528045283,0.024914601528045283,4504
RIDAGEYR,DPQ_TOTAL,original,square,-0.024881294366957015,0.024881294366957015,4530
BPXSY1,SLD012,sqrt,original,0.024861781844983423,0.024861781844983423,4504
LBXTC,SLD012,square,log,-0.024860795397066544,0.024860795397066544,4501
BPXSY1,SLD012,log,original,0.024829523378268405,0.024829523378268405,4504
BPXSY1,SLD012,inverse,original,-0.024827140647418873,0.024827140647418873,4504
BPXSY1,DPQ_TOTAL,sqrt,original,-0.024669634412873672,0.024669634412873672,4512
BPXSY1,SLD012,square,square,0.02462128952864017,0.02462128952864017,4504
DPQ_TOTAL,LBXVIDMS,sqrt,original,-0.024608136838328198,0.024608136838328198,4517
PAQ_MINS,LBXGLU,square,original,-0.02447320403212143,0.02447320403212143,4512
PAQ_MINS,LBXGLU,original,inverse,0.02445506497559547,0.02445506497559547,4512
LBXTC,SLD012,square,sqrt,-0.02444752883407548,0.02444752883407548,4501
DPQ_TOTAL,ALQ120Q,sqrt,inverse,-0.02438094718268766,0.02438094718268766,4518
RIDAGEYR,SLD012,square,inverse,-0.024296955744813085,0.024296955744813085,4525
DPQ_TOTAL,ALQ120Q,original,inverse,-0.02428883312350156,0.02428883312350156,4518
LBXGLU,ALQ120Q,square,sqrt,0.02427414862640359,0.02427414862640359,4497
BPXSY1,SLD012,original,square,0.024179188774930523,0.024179188774930523,4504
LBXTC,SLD012,square,inverse,0.024091072096873334,0.024091072096873334,4501
LBXTC,DPQ_TOTAL,log,square,0.02405994696710934,0.02405994696710934,4497
BPXSY1,SLD012,sqrt,square,0.023991787605526355,0.023991787605526355,4504
PAQ_MINS,LBXVIDMS,original,square,0.023984460158716293,0.023984460158716293,4511
BPXSY1,DPQ_TOTAL,original,original,-0.023962646318141562,0.023962646318141562,4512
BPXSY1,SLD012,log,square,0.02382834172507923,0.02382834172507923,4504
DPQ_TOTAL,LBXVIDMS,log,log,-0.023763436998749717,0.023763436998749717,4517
RIDAGEYR,SLD012,inverse,log,-0.02364384445242006,0.02364384445242006,4525
DPQ_TOTAL,ALQ120Q,original,square,0.023614926911136033,0.023614926911136033,4518
DPQ_TOTAL,ALQ120Q,inverse,square,-0.023604786218927042,0.023604786218927042,4518
LBXTC,SLD012,square,original,-0.023577084130914888,0.023577084130914888,4501
BPXSY1,SLD012,inverse,square,-0.023576177317383998,0.023576177317383998,4504
BMXBMI,ALQ120Q,sqrt,inverse,-0.023487215573622457,0.023487215573622457,4518
PAQ_MINS,LBXVIDMS,sqrt,log,0.023208704509643654,0.023208704509643654,4511
PAQ_MINS,LBXGLU,inverse,original,0.0231795349757749,0.0231795349757749,4512
PAQ_MINS,LBXGLU,inverse,sqrt,0.02315375823128373,0.02315375823128373,4512
PAQ_MINS,LBXGLU,inverse,square,0.023110004688453298,0.023110004688453298,4512
PAQ_MINS,LBXGLU,inverse,log,0.023091509509638054,0.023091509509638054,4512
BMXBMI,PAQ_MINS,inverse,sqrt,0.023034030128035045,0.023034030128035045,4531
BMXBMI,PAQ_MINS,inverse,original,0.023018364278333807,0.023018364278333807,4531
LBXGLU,ALQ120Q,original,sqrt,0.022929661242267398,0.022929661242267398,4497
PAQ_MINS,LBXGLU,inverse,inverse,-0.022866623512811202,0.022866623512811202,4512
PAQ_MINS,LBXGLU,original,log,-0.022772717374305373,0.022772717374305373,4512
DPQ_TOTAL,LBXVIDMS,sqrt,sqrt,-0.022746072937991517,0.022746072937991517,4517
RIDAGEYR,DPQ_TOTAL,square,square,-0.02270934876322853,0.02270934876322853,4530
PAQ_MINS,LBXGLU,sqrt,inverse,0.022604247713251733,0.022604247713251733,4512
PAQ_MINS,ALQ120Q,square,square,-0.02254583790509743,0.02254583790509743,4510
BPXSY1,DPQ_TOTAL,square,original,-0.022511329721419313,0.022511329721419313,4512
RIDAGEYR,SLD012,log,log,0.02250119500987791,0.02250119500987791,4525
BMXBMI,PAQ_MINS,log,square,-0.02228251980409807,0.02228251980409807,4531
PAQ_MINS,LBXGLU,square,square,-0.022233746665937488,0.022233746665937488,4512
BMXBMI,PAQ_MINS,inverse,square,0.022127693693966763,0.022127693693966763,4531
LBXGLU,ALQ120Q,sqrt,sqrt,0.02206137678418355,0.02206137678418355,4497
RIDAGEYR,SLD012,sqrt,log,0.02199857858611199,0.02199857858611199,4525
BMXBMI,PAQ_MINS,inverse,log,0.021960119823668196,0.021960119823668196,4531
BMXBMI,PAQ_MINS,sqrt,square,-0.021922784924926258,0.021922784924926258,4531
PAQ_MINS,LBXGLU,original,sqrt,-0.021801802474221716,0.021801802474221716,4512
PAQ_MINS,ALQ120Q,square,original,-0.02157030791173932,0.02157030791173932,4510
RIDAGEYR,SLD012,original,log,0.021544154117130933,0.021544154117130933,4525
BMXBMI,PAQ_MINS,log,original,-0.021521896284815975,0.021521896284815975,4531
PAQ_MINS,LBXGLU,log,inverse,0.021486378472434814,0.021486378472434814,4512
PAQ_MINS,LBXVIDMS,sqrt,sqrt,0.02148231317756047,0.02148231317756047,4511
BMXBMI,ALQ120Q,original,inverse,-0.021457773711977865,0.021457773711977865,4518
RIDAGEYR,SLD012,inverse,sqrt,-0.021425152493571627,0.021425152493571627,4525
LBXTC,SLD012,original,log,-0.02134465791181279,0.02134465791181279,4501
BMXBMI,PAQ_MINS,original,square,-0.021343722530447872,0.021343722530447872,4531
BPXSY1,DPQ_TOTAL,inverse,sqrt,0.021128258645907796,0.021128258645907796,4512
PAQ_MINS,LBXGLU,sqrt,log,-0.021106975796029357,0.021106975796029357,4512
LBXGLU,ALQ120Q,log,sqrt,0.021070009731306228,0.021070009731306228,4497
LBXTC,SLD012,original,sqrt,-0.020972959712955735,0.020972959712955735,4501
DPQ_TOTAL,LBXVIDMS,original,square,-0.020846772648557693,0.020846772648557693,4517
BMXBMI,PAQ_MINS,log,sqrt,-0.020790685695593197,0.020790685695593197,4531
PAQ_MINS,LBXGLU,original,original,-0.0207505759880495,0.0207505759880495,4512
LBXTC,SLD012,square,square,-0.020724485299490007,0.020724485299490007,4501
RIDAGEYR,SLD012,square,log,0.020721932168646102,0.020721932168646102,4525
DPQ_TOTAL,PAQ_MINS,inverse,inverse,-0.02068987190843868,0.02068987190843868,4528
DPQ_TOTAL,LBXVIDMS,sqrt,log,-0.020607731217667388,0.020607731217667388,4517
LBXTC,SLD012,original,inverse,0.020566005482441998,0.020566005482441998,4501
RIDAGEYR,SLD012,log,sqrt,0.020480046669709363,0.020480046669709363,4525
BMXBMI,PAQ_MINS,sqrt,original,-0.020476276145147514,0.020476276145147514,4531
DPQ_TOTAL,ALQ120Q,square,inverse,-0.020445950573389927,0.020445950573389927,4518
PAQ_MINS,LBXGLU,log,log,-0.02038042454943647,0.02038042454943647,4512
DPQ_TOTAL,LBXVIDMS,original,original,-0.020329508494302206,0.020329508494302206,4517
PAQ_MINS,LBXGLU,sqrt,sqrt,-0.0202462040483724,0.0202462040483724,4512
LBXTC,SLD012,original,original,-0.020159875093621174,0.020159875093621174,4501
RIDAGEYR,SLD012,sqrt,sqrt,0.02011420647422825,0.02011420647422825,4525
BPXSY1,DPQ_TOTAL,log,sqrt,-0.020046387412179255,0.020046387412179255,4512
PAQ_MINS,LBXVIDMS,log,inverse,-0.02002139629546758,0.02002139629546758,4511
LBXTC,DPQ_TOTAL,inverse,square,-0.019923349559844226,0.019923349559844226,4497
DPQ_TOTAL,ALQ120Q,log,square,0.01984232812433924,0.01984232812433924,4518
RIDAGEYR,SLD012,original,sqrt,0.0198129022715415,0.0198129022715415,4525
PAQ_MINS,LBXVIDMS,sqrt,original,0.019787731675577885,0.019787731675577885,4511
PAQ_MINS,LBXGLU,log,sqrt,-0.019735831396311024,0.019735831396311024,4512
BMXBMI,PAQ_MINS,square,square,-0.019699590863537165,0.019699590863537165,4531
RIDAGEYR,SLD012,inverse,original,-0.0195270955468796,0.0195270955468796,4525
BMXBMI,PAQ_MINS,sqrt,sqrt,-0.01952515166264244,0.01952515166264244,4531
BMXBMI,PAQ_MINS,log,log,-0.019502097696021535,0.019502097696021535,4531
PAQ_MINS,ALQ120Q,log,sqrt,-0.01948141157791402,0.01948141157791402,4510
BPXSY1,DPQ_TOTAL,sqrt,sqrt,-0.01946700592356893,0.01946700592356893,4512
SLD012,ALQ120Q,square,log,-0.01937694151276681,0.01937694151276681,4518
DPQ_TOTAL,LBXVIDMS,original,sqrt,-0.01936652606748932,0.01936652606748932,4517
SLD012,ALQ120Q,original,log,-0.019322990478901764,0.019322990478901764,4518
PAQ_MINS,LBXGLU,sqrt,original,-0.019318344319534317,0.019318344319534317,4512
RIDAGEYR,SLD012,square,sqrt,0.019312881145260048,0.019312881145260048,4525
BMXBMI,PAQ_MINS,original,original,-0.01930220902490722,0.01930220902490722,4531
DPQ_TOTAL,LBXVIDMS,log,inverse,0.019299701713098888,0.019299701713098888,4517
LBXTC,SLD012,sqrt,log,-0.019256715422694047,0.019256715422694047,4501
SLD012,ALQ120Q,square,sqrt,-0.019186601576836698,0.019186601576836698,4518
RIDAGEYR,PAQ_MINS,inverse,sqrt,-0.01909248116004866,0.01909248116004866,4523
PAQ_MINS,LBXGLU,log,original,-0.019037880266382326,0.019037880266382326,4512
SLD012,ALQ120Q,sqrt,log,-0.01891631843628234,0.01891631843628234,4518
LBXTC,SLD012,sqrt,sqrt,-0.018913238897808205,0.018913238897808205,4501
DPQ_TOTAL,ALQ120Q,inverse,log,-0.018869780483789383,0.018869780483789383,4518
RIDAGEYR,PAQ_MINS,inverse,log,-0.018869055571678388,0.018869055571678388,4523
BPXSY1,DPQ_TOTAL,original,sqrt,-0.018865945921855115,0.018865945921855115,4512
RIDAGEYR,SLD012,log,original,0.018789666268143372,0.018789666268143372,4525
LBXGLU,ALQ120Q,inverse,sqrt,-0.01874090198019295,0.01874090198019295,4497
RIDAGEYR,SLD012,sqrt,original,0.018555084408677643,0.018555084408677643,4525
SLD012,ALQ120Q,original,original,-0.01850732280249364,0.01850732280249364,4518
LBXTC,SLD012,sqrt,inverse,0.018472436864318213,0.018472436864318213,4501
SLD012,ALQ120Q,sqrt,original,-0.018435243634983715,0.018435243634983715,4518
PAQ_MINS,LBXGLU,original,square,-0.018427538725726146,0.018427538725726146,4512
RIDAGEYR,SLD012,original,original,0.01839549491560095,0.01839549491560095,4525
SLD012,ALQ120Q,original,sqrt,-0.018301927828706988,0.018301927828706988,4518
BMXBMI,PAQ_MINS,sqrt,log,-0.018270869236347808,0.018270869236347808,4531
DPQ_TOTAL,ALQ120Q,sqrt,square,0.018253661136190983,0.018253661136190983,4518
BMXBMI,PAQ_MINS,original,sqrt,-0.018218786244454176,0.018218786244454176,4531
SLD012,ALQ120Q,log,log,-0.018207803017489935,0.018207803017489935,4518
RIDAGEYR,SLD012,square,original,0.01818415119769916,0.01818415119769916,4525
LBXTC,SLD012,sqrt,original,-0.018139837161795534,0.018139837161795534,4501
SLD012,ALQ120Q,log,original,-0.018139473734254,0.018139473734254,4518
RIDAGEYR,DPQ_TOTAL,sqrt,original,-0.018118805604176523,0.018118805604176523,4530
DPQ_TOTAL,LBXVIDMS,original,log,-0.018103983239607987,0.018103983239607987,4517
SLD012,ALQ120Q,square,original,-0.01810115804677247,0.01810115804677247,4518
RIDAGEYR,DPQ_TOTAL,original,original,-0.018076866951403613,0.018076866951403613,4530
RIDAGEYR,DPQ_TOTAL,log,original,-0.01783878733714542,0.01783878733714542,4530
SLD012,ALQ120Q,sqrt,sqrt,-0.017626754382615947,0.017626754382615947,4518
BPXSY1,DPQ_TOTAL,square,sqrt,-0.017610976965633456,0.017610976965633456,4512
LBXVIDMS,ALQ120Q,square,inverse,0.017592308808179608,0.017592308808179608,4500
PAQ_MINS,LBXGLU,log,square,-0.017506941228756557,0.017506941228756557,4512
BPXSY1,PAQ_MINS,inverse,sqrt,-0.017477343624034573,0.017477343624034573,4506
LBXTC,SLD012,original,square,-0.01744871396297186,0.01744871396297186,4501
BMXBMI,ALQ120Q,square,inverse,-0.017393056700126246,0.017393056700126246,4518
PAQ_MINS,LBXGLU,sqrt,square,-0.017286439672652764,0.017286439672652764,4512
BMXBMI,DPQ_TOTAL,inverse,square,-0.017244839296202217,0.017244839296202217,4538
PAQ_MINS,ALQ120Q,sqrt,sqrt,-0.017202436551161875,0.017202436551161875,4510
LBXGLU,ALQ120Q,square,log,0.0171537486191246,0.0171537486191246,4497
RIDAGEYR,DPQ_TOTAL,square,original,-0.01712140623001803,0.01712140623001803,4530
BMXBMI,PAQ_MINS,original,log,-0.01707428738292815,0.01707428738292815,4531
BPXSY1,PAQ_MINS,inverse,log,-0.017063601366195783,0.017063601366195783,4506
LBXTC,SLD012,log,log,-0.016953381854623428,0.016953381854623428,4501
LBXTC,DPQ_TOTAL,square,inverse,-0.01688711196803349,0.01688711196803349,4497
SLD012,ALQ120Q,log,sqrt,-0.01679162078992612,0.01679162078992612,4518
SLD012,ALQ120Q,inverse,original,0.016784611336786107,0.016784611336786107,4518
RIDAGEYR,SLD012,square,square,0.016726560416584577,0.016726560416584577,4525
BMXBMI,PAQ_MINS,square,original,-0.016720392370717898,0.016720392370717898,4531
RIDAGEYR,SLD012,inverse,square,-0.016683129405341737,0.016683129405341737,4525
LBXTC,SLD012,log,sqrt,-0.01664387639576563,0.01664387639576563,4501
DPQ_TOTAL,LBXVIDMS,sqrt,inverse,0.01656803357082501,0.01656803357082501,4517
BPXSY1,PAQ_MINS,log,sqrt,0.016550454612525488,0.016550454612525488,4506
PAQ_MINS,LBXVIDMS,sqrt,square,0.016499461210724913,0.016499461210724913,4511
BPXSY1,PAQ_MINS,log,log,0.0164657172744384,0.0164657172744384,4506
RIDAGEYR,SLD012,original,square,0.016463337012170634,0.016463337012170634,4525
LBXVIDMS,ALQ120Q,original,inverse,0.01645965049088302,0.01645965049088302,4500
RIDAGEYR,DPQ_TOTAL,inverse,original,0.016418976235629684,0.016418976235629684,4530
RIDAGEYR,SLD012,sqrt,square,0.016377445654013306,0.016377445654013306,4525
RIDAGEYR,SLD012,log,square,0.016372135488537793,0.016372135488537793,4525
SLD012,LBXGLU,square,inverse,0.01620845421530605,0.01620845421530605,4520
BPXSY1,PAQ_MINS,sqrt,log,0.016188532550659104,0.016188532550659104,4506
LBXTC,SLD012,log,inverse,0.01616140173615885,0.01616140173615885,4501
BPXSY1,PAQ_MINS,sqrt,sqrt,0.016102211053941346,0.016102211053941346,4506
BPXSY1,PAQ_MINS,original,log,0.01592768272528907,0.01592768272528907,4506
LBXTC,SLD012,log,original,-0.0159183508257879,0.0159183508257879,4501
PAQ_MINS,LBXVIDMS,log,log,0.015906405087478245,0.015906405087478245,4511
SLD012,ALQ120Q,inverse,log,0.01579249434946607,0.01579249434946607,4518
DPQ_TOTAL,ALQ120Q,square,original,0.01577087247814021,0.01577087247814021,4518
LBXTC,DPQ_TOTAL,original,inverse,-0.015685404892152907,0.015685404892152907,4497
BPXSY1,PAQ_MINS,original,sqrt,0.015667041003311864,0.015667041003311864,4506
BMXBMI,PAQ_MINS,square,sqrt,-0.015589436009053584,0.015589436009053584,4531
DPQ_TOTAL,ALQ120Q,inverse,original,-0.015553318004426952,0.015553318004426952,4518
LBXTC,SLD012,sqrt,square,-0.015529190268869213,0.015529190268869213,4501
DPQ_TOTAL,LBXVIDMS,original,inverse,0.015521515680727405,0.015521515680727405,4517
BPXSY1,PAQ_MINS,square,log,0.015459695833623171,0.015459695833623171,4506
LBXVIDMS,ALQ120Q,sqrt,inverse,0.015449804483667921,0.015449804483667921,4500
RIDAGEYR,PAQ_MINS,log,log,0.015442529637528214,0.015442529637528214,4523
SLD012,LBXGLU,original,inverse,0.015440285407848699,0.015440285407848699,4520
SLD012,ALQ120Q,inverse,square,0.01533496568231217,0.01533496568231217,4518
RIDAGEYR,DPQ_TOTAL,inverse,inverse,0.015261655210680724,0.015261655210680724,4530
BPXSY1,DPQ_TOTAL,square,inverse,-0.015224908872655317,0.015224908872655317,4512
RIDAGEYR,PAQ_MINS,log,sqrt,0.015145510495310502,0.015145510495310502,4523
BPXSY1,PAQ_MINS,inverse,original,-0.015083354035004451,0.015083354035004451,4506
LBXGLU,ALQ120Q,square,original,0.01503338144795234,0.01503338144795234,4497
LBXTC,DPQ_TOTAL,sqrt,inverse,-0.015008722520495526,0.015008722520495526,4497
LBXGLU,ALQ120Q,original,log,0.014987625390776695,0.014987625390776695,4497
DPQ_TOTAL,LBXVIDMS,inverse,square,0.014911872615950996,0.014911872615950996,4517
SLD012,ALQ120Q,log,square,-0.014848143172243682,0.014848143172243682,4518
BPXSY1,PAQ_MINS,square,sqrt,0.014843934979392794,0.014843934979392794,4506
BMXBMI,PAQ_MINS,square,log,-0.01483846127762441,0.01483846127762441,4531
SLD012,LBXGLU,sqrt,inverse,0.014831757824573251,0.014831757824573251,4520
BPXSY1,DPQ_TOTAL,original,inverse,-0.014750443607982557,0.014750443607982557,4512
SLD012,ALQ120Q,inverse,sqrt,0.014658900429389499,0.014658900429389499,4518
DPQ_TOTAL,ALQ120Q,original,original,0.01464346427434422,0.01464346427434422,4518
SLD012,LBXGLU,square,log,-0.0146268800674378,0.0146268800674378,4520
BPXSY1,DPQ_TOTAL,sqrt,inverse,-0.014523157787852632,0.014523157787852632,4512
DPQ_TOTAL,ALQ120Q,original,log,0.01442384346087444,0.01442384346087444,4518
DPQ_TOTAL,ALQ120Q,square,log,0.014347173248407223,0.014347173248407223,4518
BPXSY1,DPQ_TOTAL,log,inverse,-0.014305294879840799,0.014305294879840799,4512
LBXGLU,ALQ120Q,inverse,inverse,-0.014300563716446184,0.014300563716446184,4497
LBXTC,DPQ_TOTAL,log,inverse,-0.01428451028846451,0.01428451028846451,4497
LBXVIDMS,ALQ120Q,log,inverse,0.014253652364694442,0.014253652364694442,4500
SLD012,ALQ120Q,sqrt,square,-0.014241130889350192,0.014241130889350192,4518
RIDAGEYR,DPQ_TOTAL,log,inverse,-0.01411977570568865,0.01411977570568865,4530
SLD012,LBXGLU,log,inverse,0.014059306803275988,0.014059306803275988,4520
RIDAGEYR,PAQ_MINS,inverse,original,-0.014039827214888213,0.014039827214888213,4523
BPXSY1,PAQ_MINS,log,original,0.013993519843250786,0.013993519843250786,4506
LBXTC,PAQ_MINS,original,inverse,0.013929552557076603,0.013929552557076603,4494
PAQ_MINS,LBXVIDMS,log,sqrt,0.013920010286324523,0.013920010286324523,4511
BPXSY1,DPQ_TOTAL,inverse,inverse,0.013905751492719878,0.013905751492719878,4512
LBXTC,PAQ_MINS,sqrt,inverse,0.013889096465027444,0.013889096465027444,4494
SLD012,LBXGLU,square,sqrt,-0.013812809086011109,0.013812809086011109,4520
LBXTC,PAQ_MINS,square,inverse,0.01380913795186435,0.01380913795186435,4494
PAQ_MINS,ALQ120Q,original,sqrt,-0.01379881233000568,0.01379881233000568,4510
LBXTC,PAQ_MINS,log,inverse,0.01378299414597476,0.01378299414597476,4494
LBXGLU,ALQ120Q,sqrt,log,0.013744019274265998,0.013744019274265998,4497
RIDAGEYR,DPQ_TOTAL,sqrt,inverse,-0.01359982217191106,0.01359982217191106,4530
RIDAGEYR,PAQ_MINS,sqrt,log,0.013473263014018012,0.013473263014018012,4523
BPXSY1,PAQ_MINS,sqrt,original,0.013457098928758624,0.013457098928758624,4506
SLD012,ALQ120Q,original,square,-0.013453685919539353,0.013453685919539353,4518
SLD012,LBXGLU,original,log,-0.013452974525668538,0.013452974525668538,4520
LBXTC,SLD012,log,square,-0.01342991379158199,0.01342991379158199,4501
BMXBMI,DPQ_TOTAL,inverse,original,-0.01341111972388594,0.01341111972388594,4538
LBXTC,PAQ_MINS,inverse,inverse,-0.0133843381526612,0.0133843381526612,4494
DPQ_TOTAL,LBXVIDMS,inverse,original,0.013340809520403084,0.013340809520403084,4517
BMXBMI,DPQ_TOTAL,log,square,0.01316441962691028,0.01316441962691028,4538
RIDAGEYR,DPQ_TOTAL,original,inverse,-0.01314655445196122,0.01314655445196122,4530
LBXGLU,ALQ120Q,original,original,0.013080464338840782,0.013080464338840782,4497
SLD012,LBXGLU,square,original,-0.01298899180200663,0.01298899180200663,4520
BPXSY1,PAQ_MINS,original,original,0.012929870963254595,0.012929870963254595,4506
RIDAGEYR,PAQ_MINS,sqrt,sqrt,0.01281564911811427,0.01281564911811427,4523
DPQ_TOTAL,LBXVIDMS,inverse,sqrt,0.012812353721816504,0.012812353721816504,4517
PAQ_MINS,LBXVIDMS,inverse,inverse,0.012759214963665746,0.012759214963665746,4511
LBXTC,DPQ_TOTAL,inverse,inverse,0.012703131426680015,0.012703131426680015,4497
SLD012,LBXGLU,sqrt,log,-0.0126518485414981,0.0126518485414981,4520
DPQ_TOTAL,LBXVIDMS,inverse,inverse,-0.012628387498190164,0.012628387498190164,4517
DPQ_TOTAL,LBXVIDMS,inverse,log,0.012516637970430516,0.012516637970430516,4517
PAQ_MINS,ALQ120Q,inverse,inverse,-0.01249270801487209,0.01249270801487209,4510
RIDAGEYR,DPQ_TOTAL,square,inverse,-0.012471235365146008,0.012471235365146008,4530
SLD012,LBXGLU,original,sqrt,-0.01242955114275195,0.01242955114275195,4520
DPQ_TOTAL,LBXGLU,sqrt,inverse,-0.01240746134844967,0.01240746134844967,4512
LBXGLU,ALQ120Q,log,log,0.012398658048205126,0.012398658048205126,4497
LBXGLU,ALQ120Q,log,inverse,0.01226287998568525,0.01226287998568525,4497
PAQ_MINS,ALQ120Q,square,sqrt,-0.012141714102012164,0.012141714102012164,4510
DPQ_TOTAL,LBXGLU,square,inverse,-0.012114480129782198,0.012114480129782198,4512
PAQ_MINS,LBXVIDMS,log,original,0.012058297138508993,0.012058297138508993,4511
SLD012,LBXGLU,inverse,inverse,-0.012024203481103581,0.012024203481103581,4520
LBXGLU,ALQ120Q,sqrt,original,0.011927201064812312,0.011927201064812312,4497
BPXSY1,PAQ_MINS,square,original,0.01191286713294503,0.01191286713294503,4506
LBXVIDMS,ALQ120Q,inverse,inverse,-0.01182387162191066,0.01182387162191066,4500
LBXTC,SLD012,inverse,log,0.011732232553994556,0.011732232553994556,4501
DPQ_TOTAL,LBXGLU,original,inverse,-0.011721700110630999,0.011721700110630999,4512
SLD012,LBXGLU,log,log,-0.011702142476390115,0.011702142476390115,4520
RIDAGEYR,DPQ_TOTAL,original,sqrt,-0.011581140840152245,0.011581140840152245,4530
RIDAGEYR,DPQ_TOTAL,square,sqrt,-0.011557667767884255,0.011557667767884255,4530
SLD012,LBXGLU,sqrt,sqrt,-0.011529324134255827,0.011529324134255827,4520
SLD012,ALQ120Q,square,square,-0.011523907929358876,0.011523907929358876,4518
LBXTC,SLD012,inverse,sqrt,0.01150935893618976,0.01150935893618976,4501
RIDAGEYR,PAQ_MINS,original,log,0.011436531815243215,0.011436531815243215,4523
SLD012,LBXGLU,original,original,-0.011393560936124194,0.011393560936124194,4520
SLD012,LBXGLU,square,square,-0.01133165565895213,0.01133165565895213,4520
DPQ_TOTAL,ALQ120Q,log,log,0.01132477259021609,0.01132477259021609,4518
LBXGLU,ALQ120Q,sqrt,inverse,0.01123138028130779,0.01123138028130779,4497
BPXSY1,DPQ_TOTAL,inverse,log,0.011181008377277257,0.011181008377277257,4512
BMXBMI,DPQ_TOTAL,sqrt,square,0.011142077092958544,0.011142077092958544,4538
DPQ_TOTAL,LBXVIDMS,square,log,-0.011102059975953666,0.011102059975953666,4517
RIDAGEYR,DPQ_TOTAL,sqrt,sqrt,-0.011095332022479108,0.011095332022479108,4530
DPQ_TOTAL,LBXVIDMS,square,sqrt,-0.011036053462316165,0.011036053462316165,4517
DPQ_TOTAL,LBXVIDMS,square,inverse,0.010922402135230193,0.010922402135230193,4517
LBXTC,SLD012,inverse,inverse,-0.010916331647763308,0.010916331647763308,4501
LBXTC,SLD012,inverse,original,0.010905799093374849,0.010905799093374849,4501
DPQ_TOTAL,LBXVIDMS,square,original,-0.010703571756138947,0.010703571756138947,4517
DPQ_TOTAL,ALQ120Q,sqrt,log,0.010668159713904298,0.010668159713904298,4518
LBXGLU,ALQ120Q,log,original,0.010661366274894285,0.010661366274894285,4497
SLD012,LBXGLU,log,sqrt,-0.010488636171048756,0.010488636171048756,4520
DPQ_TOTAL,LBXGLU,log,inverse,-0.010488534512036025,0.010488534512036025,4512
BPXSY1,DPQ_TOTAL,log,log,-0.010432026062328178,0.010432026062328178,4512
SLD012,LBXGLU,sqrt,original,-0.010393080170779579,0.010393080170779579,4520
RIDAGEYR,PAQ_MINS,original,sqrt,0.010370107980696623,0.010370107980696623,4523
DPQ_TOTAL,ALQ120Q,log,original,0.01033888840976857,0.01033888840976857,4518
RIDAGEYR,DPQ_TOTAL,log,sqrt,-0.010276609075669138,0.010276609075669138,4530
RIDAGEYR,PAQ_MINS,log,original,0.01022919477445742,0.01022919477445742,4523
LBXGLU,ALQ120Q,original,inverse,0.010189979570829365,0.010189979570829365,4497
RIDAGEYR,PAQ_MINS,square,square,-0.010182035641337931,0.010182035641337931,4523
SLD012,LBXVIDMS,square,inverse,-0.010019151392172186,0.010019151392172186,4511
BPXSY1,DPQ_TOTAL,sqrt,log,-0.010012999985556506,0.010012999985556506,4512
DPQ_TOTAL,ALQ120Q,sqrt,original,0.01000433212464485,0.01000433212464485,4518
DPQ_TOTAL,LBXGLU,sqrt,log,0.009907825545187647,0.009907825545187647,4512
BMXBMI,DPQ_TOTAL,log,original,0.009855754045903335,0.009855754045903335,4538
BPXSY1,DPQ_TOTAL,original,log,-0.009567908015784355,0.009567908015784355,4512
DPQ_TOTAL,LBXGLU,square,log,0.00944431714465123,0.00944431714465123,4512
LBXGLU,ALQ120Q,inverse,log,-0.009420593478076517,0.009420593478076517,4497
LBXVIDMS,ALQ120Q,inverse,sqrt,-0.009406197592501959,0.009406197592501959,4500
SLD012,LBXGLU,inverse,log,0.009389118632259205,0.009389118632259205,4520
SLD012,LBXGLU,original,square,-0.009308120499075844,0.009308120499075844,4520
SLD012,LBXGLU,log,original,-0.00926050174642084,0.00926050174642084,4520
BMXBMI,DPQ_TOTAL,original,square,0.009164104879135741,0.009164104879135741,4538
BMXBMI,SLD012,square,inverse,-0.00913179136095211,0.00913179136095211,4535
DPQ_TOTAL,LBXVIDMS,square,square,-0.009010819272739914,0.009010819272739914,4517
DPQ_TOTAL,LBXGLU,inverse,inverse,-0.008986944408191122,0.008986944408191122,4512
SLD012,LBXVIDMS,original,inverse,-0.00891556752179874,0.00891556752179874,4511
DPQ_TOTAL,LBXGLU,original,log,0.008870103868347594,0.008870103868347594,4512
DPQ_TOTAL,LBXGLU,inverse,log,0.008842210171615274,0.008842210171615274,4512
BMXBMI,DPQ_TOTAL,inverse,sqrt,-0.008837422624728013,0.008837422624728013,4538
PAQ_MINS,LBXVIDMS,log,square,0.008753006273319921,0.008753006273319921,4511
LBXTC,SLD012,inverse,square,0.008730602991143439,0.008730602991143439,4501
DPQ_TOTAL,LBXGLU,inverse,sqrt,0.008724571507641025,0.008724571507641025,4512
BPXSY1,PAQ_MINS,inverse,square,-0.008668838599437272,0.008668838599437272,4506
BPXSY1,DPQ_TOTAL,square,log,-0.008611103642089623,0.008611103642089623,4512
DPQ_TOTAL,LBXGLU,inverse,original,0.008578425425091926,0.008578425425091926,4512
DPQ_TOTAL,LBXGLU,sqrt,sqrt,0.00855143710102914,0.00855143710102914,4512
LBXVIDMS,ALQ120Q,log,sqrt,0.008493252174034365,0.008493252174034365,4500
SLD012,LBXVIDMS,sqrt,inverse,-0.008315782641607768,0.008315782641607768,4511
DPQ_TOTAL,LBXGLU,log,log,0.00830855577904743,0.00830855577904743,4512
DPQ_TOTAL,LBXGLU,inverse,square,0.008206214893757856,0.008206214893757856,4512
SLD012,LBXGLU,sqrt,square,-0.008105860458766486,0.008105860458766486,4520
LBXGLU,ALQ120Q,square,inverse,0.008068568264108822,0.008068568264108822,4497
BMXBMI,DPQ_TOTAL,sqrt,original,0.008047403168963692,0.008047403168963692,4538
SLD012,LBXGLU,inverse,sqrt,0.008033691790908197,0.008033691790908197,4520
DPQ_TOTAL,LBXGLU,square,sqrt,0.007981093227152548,0.007981093227152548,4512
RIDAGEYR,PAQ_MINS,sqrt,original,0.007922484260836785,0.007922484260836785,4523
LBXVIDMS,ALQ120Q,sqrt,sqrt,0.007905882455986227,0.007905882455986227,4500
RIDAGEYR,DPQ_TOTAL,inverse,sqrt,0.007861604945951747,0.007861604945951747,4530
LBXGLU,ALQ120Q,inverse,original,-0.007809303001824022,0.007809303001824022,4497
BPXSY1,PAQ_MINS,log,square,0.007795446659844237,0.007795446659844237,4506
PAQ_MINS,LBXVIDMS,inverse,log,-0.007703361960140676,0.007703361960140676,4511
SLD012,LBXVIDMS,log,inverse,-0.007699687821989959,0.007699687821989959,4511
BMXBMI,DPQ_TOTAL,inverse,log,-0.007475594234617576,0.007475594234617576,4538
RIDAGEYR,PAQ_MINS,square,log,0.007443755003771601,0.007443755003771601,4523
LBXVIDMS,ALQ120Q,original,sqrt,0.007377894462790966,0.007377894462790966,4500
BPXSY1,PAQ_MINS,sqrt,square,0.007362072921397227,0.007362072921397227,4506
SLD012,ALQ120Q,log,inverse,0.007358089890650518,0.007358089890650518,4518
DPQ_TOTAL,LBXGLU,original,sqrt,0.007327061307362682,0.007327061307362682,4512
SLD012,ALQ120Q,sqrt,inverse,0.007325239429782205,0.007325239429782205,4518
DPQ_TOTAL,LBXGLU,log,sqrt,0.007135034836360208,0.007135034836360208,4512
DPQ_TOTAL,LBXGLU,sqrt,original,0.007133040919797471,0.007133040919797471,4512
SLD012,ALQ120Q,original,inverse,0.006945487929796606,0.006945487929796606,4518
BPXSY1,PAQ_MINS,original,square,0.006933908917786744,0.006933908917786744,4506
BMXBMI,SLD012,original,inverse,-0.006906609799277159,0.006906609799277159,4535
LBXVIDMS,ALQ120Q,square,sqrt,0.006847105929827479,0.006847105929827479,4500
SLD012,LBXGLU,log,square,-0.006788759345428164,0.006788759345428164,4520
RIDAGEYR,PAQ_MINS,original,square,-0.006773611043287188,0.006773611043287188,4523
BMXBMI,PAQ_MINS,inverse,inverse,-0.0066955275854567705,0.0066955275854567705,4531
BMXBMI,SLD012,square,log,0.006683493220001661,0.006683493220001661,4535
RIDAGEYR,PAQ_MINS,square,inverse,-0.0066674649883609145,0.0066674649883609145,4523
SLD012,LBXGLU,inverse,original,0.006662714164316349,0.006662714164316349,4520
BMXBMI,DPQ_TOTAL,square,inverse,-0.006634300894914521,0.006634300894914521,4538
BMXBMI,DPQ_TOTAL,original,inverse,-0.006624650018766474,0.006624650018766474,4538
BMXBMI,DPQ_TOTAL,sqrt,inverse,-0.006528246522263254,0.006528246522263254,4538
SLD012,LBXVIDMS,inverse,inverse,0.006473603436724549,0.006473603436724549,4511
DPQ_TOTAL,LBXGLU,square,original,0.0064436522168745585,0.0064436522168745585,4512
BMXBMI,DPQ_TOTAL,log,inverse,-0.006353452523388481,0.006353452523388481,4538
BMXBMI,DPQ_TOTAL,log,sqrt,0.006277837586616907,0.006277837586616907,4538
BMXBMI,DPQ_TOTAL,original,original,0.0062532229816242785,0.0062532229816242785,4538
SLD012,ALQ120Q,inverse,inverse,-0.006150677690047009,0.006150677690047009,4518
LBXVIDMS,ALQ120Q,original,square,-0.006115316914820014,0.006115316914820014,4500
BPXSY1,PAQ_MINS,square,square,0.00610173623491791,0.00610173623491791,4506
SLD012,LBXVIDMS,square,log,0.006012226141398829,0.006012226141398829,4511
DPQ_TOTAL,LBXGLU,log,original,0.005913097859427286,0.005913097859427286,4512
DPQ_TOTAL,ALQ120Q,square,sqrt,0.005906334842938773,0.005906334842938773,4518
RIDAGEYR,PAQ_MINS,original,inverse,-0.0058710270289481685,0.0058710270289481685,4523
BMXBMI,DPQ_TOTAL,log,log,0.005839750898567987,0.005839750898567987,4538
LBXVIDMS,ALQ120Q,sqrt,square,-0.005760687601129573,0.005760687601129573,4500
DPQ_TOTAL,LBXGLU,original,original,0.005716536600388524,0.005716536600388524,4512
BMXBMI,SLD012,sqrt,inverse,-0.005716251334202607,0.005716251334202607,4535
BMXBMI,DPQ_TOTAL,inverse,inverse,0.005706127546442505,0.005706127546442505,4538
PAQ_MINS,ALQ120Q,inverse,square,-0.005679641901770811,0.005679641901770811,4510
BMXBMI,PAQ_MINS,log,inverse,0.005513515228400472,0.005513515228400472,4531
RIDAGEYR,PAQ_MINS,square,sqrt,0.005491707840673458,0.005491707840673458,4523
RIDAGEYR,PAQ_MINS,original,original,0.005465641506125482,0.005465641506125482,4523
SLD012,ALQ120Q,square,inverse,0.0054324119629755125,0.0054324119629755125,4518
BMXBMI,SLD012,square,sqrt,0.005425536533930889,0.005425536533930889,4535
BMXBMI,DPQ_TOTAL,square,square,0.005392151599394877,0.005392151599394877,4538
RIDAGEYR,PAQ_MINS,sqrt,inverse,-0.005306303500372464,0.005306303500372464,4523
RIDAGEYR,PAQ_MINS,sqrt,square,-0.005135801197022411,0.005135801197022411,4523
BMXBMI,DPQ_TOTAL,sqrt,sqrt,0.0049362955532035934,0.0049362955532035934,4538
BMXBMI,PAQ_MINS,sqrt,inverse,0.004929027737430128,0.004929027737430128,4531
BMXBMI,DPQ_TOTAL,sqrt,log,0.004892576983237832,0.004892576983237832,4538
PAQ_MINS,LBXVIDMS,inverse,sqrt,-0.004868253413789244,0.004868253413789244,4511
BPXSY1,PAQ_MINS,square,inverse,-0.004849151068311445,0.004849151068311445,4506
LBXVIDMS,ALQ120Q,log,square,-0.004844238916833231,0.004844238916833231,4500
SLD012,LBXVIDMS,square,sqrt,0.004747077746218101,0.004747077746218101,4511
BMXBMI,SLD012,original,log,0.00473014109756027,0.00473014109756027,4535
SLD012,LBXVIDMS,square,square,0.004713833812631247,0.004713833812631247,4511
LBXVIDMS,ALQ120Q,square,square,-0.004713802894526627,0.004713802894526627,4500
RIDAGEYR,PAQ_MINS,log,inverse,-0.0046586150809279706,0.0046586150809279706,4523
SLD012,LBXVIDMS,original,log,0.004551889451312381,0.004551889451312381,4511
BMXBMI,SLD012,log,inverse,-0.004464324960142135,0.004464324960142135,4535
BMXBMI,PAQ_MINS,original,inverse,0.004370106733291317,0.004370106733291317,4531
BMXBMI,SLD012,square,original,0.00419783663428958,0.00419783663428958,4535
RIDAGEYR,DPQ_TOTAL,square,log,-0.004175235648401779,0.004175235648401779,4530
BPXSY1,PAQ_MINS,original,inverse,-0.00414211859677365,0.00414211859677365,4506
DPQ_TOTAL,LBXGLU,sqrt,square,0.0041403159349624,0.0041403159349624,4512
SLD012,LBXVIDMS,square,original,0.0041371828672323975,0.0041371828672323975,4511
SLD012,LBXGLU,inverse,square,0.0039055569093480063,0.0039055569093480063,4520
BMXBMI,DPQ_TOTAL,original,log,0.003891023165819773,0.003891023165819773,4538
DPQ_TOTAL,ALQ120Q,original,sqrt,0.003804402792212628,0.003804402792212628,4518
BPXSY1,PAQ_MINS,sqrt,inverse,-0.0037793306732090285,0.0037793306732090285,4506
SLD012,LBXVIDMS,sqrt,log,0.0037757561222961696,0.0037757561222961696,4511
BMXBMI,SLD012,sqrt,log,0.0037386952470238348,0.0037386952470238348,4535
SLD012,LBXVIDMS,inverse,square,0.0037110747421913674,0.0037110747421913674,4511
PAQ_MINS,ALQ120Q,inverse,original,-0.0037018934038686104,0.0037018934038686104,4510
LBXGLU,ALQ120Q,inverse,square,0.003649015268264955,0.003649015268264955,4497
BMXBMI,SLD012,original,sqrt,0.003633794971081547,0.003633794971081547,4535
RIDAGEYR,PAQ_MINS,log,square,-0.003620510474272791,0.003620510474272791,4523
BMXBMI,DPQ_TOTAL,original,sqrt,0.0035830221677583037,0.0035830221677583037,4538
LBXGLU,ALQ120Q,square,square,0.0034951312024843993,0.0034951312024843993,4497
BPXSY1,PAQ_MINS,log,inverse,-0.0034124797738985893,0.0034124797738985893,4506
LBXVIDMS,ALQ120Q,inverse,original,-0.0033744470345464994,0.0033744470345464994,4500
BMXBMI,PAQ_MINS,square,inverse,0.003361171254444153,0.003361171254444153,4531
DPQ_TOTAL,LBXGLU,log,square,0.0033484290092922115,0.0033484290092922115,4512
RIDAGEYR,PAQ_MINS,inverse,inverse,0.003275292461275473,0.003275292461275473,4523
PAQ_MINS,ALQ120Q,inverse,sqrt,-0.003216316330474513,0.003216316330474513,4510
DPQ_TOTAL,LBXGLU,square,square,0.003182466857504458,0.003182466857504458,4512
RIDAGEYR,DPQ_TOTAL,original,log,-0.003167685265201665,0.003167685265201665,4530
SLD012,LBXVIDMS,original,sqrt,0.0030603813960884095,0.0030603813960884095,4511
SLD012,LBXVIDMS,log,log,0.0029928862730371885,0.0029928862730371885,4511
BMXBMI,DPQ_TOTAL,square,original,0.0027685307850161094,0.0027685307850161094,4538
BMXBMI,SLD012,sqrt,sqrt,0.0027550256035537932,0.0027550256035537932,4535
BMXBMI,SLD012,log,log,0.0027290955492953097,0.0027290955492953097,4535
BPXSY1,PAQ_MINS,inverse,inverse,0.002673494973576896,0.002673494973576896,4506
BMXBMI,SLD012,original,original,0.0025748053900593727,0.0025748053900593727,4535
PAQ_MINS,ALQ120Q,inverse,log,0.0023797294885252694,0.0023797294885252694,4510
RIDAGEYR,DPQ_TOTAL,inverse,log,-0.0023603572207228866,0.0023603572207228866,4530
LBXVIDMS,ALQ120Q,square,log,-0.0023565280563882583,0.0023565280563882583,4500
DPQ_TOTAL,LBXGLU,original,square,0.002328300410827603,0.002328300410827603,4512
LBXVIDMS,ALQ120Q,inverse,log,-0.0023163232436790443,0.0023163232436790443,4500
DPQ_TOTAL,ALQ120Q,log,sqrt,-0.0022925877834432005,0.0022925877834432005,4518
SLD012,LBXVIDMS,original,square,0.0022388643036889595,0.0022388643036889595,4511
LBXVIDMS,ALQ120Q,inverse,square,0.0022257024541718537,0.0022257024541718537,4500
SLD012,LBXVIDMS,original,original,0.0021989739854275823,0.0021989739854275823,4511
PAQ_MINS,LBXVIDMS,inverse,original,-0.002196994104559731,0.002196994104559731,4511
RIDAGEYR,DPQ_TOTAL,sqrt,log,-0.002167628890756036,0.002167628890756036,4530
SLD012,LBXVIDMS,sqrt,sqrt,0.002155265156804225,0.002155265156804225,4511
SLD012,LBXVIDMS,inverse,original,0.0021037011922065644,0.0021037011922065644,4511
DPQ_TOTAL,ALQ120Q,inverse,sqrt,-0.001978668611977157,0.001978668611977157,4518
BMXBMI,SLD012,square,square,0.001933210559573897,0.001933210559573897,4535
BMXBMI,SLD012,log,sqrt,0.0018803751896950287,0.0018803751896950287,4535
PAQ_MINS,LBXVIDMS,inverse,square,0.001867790304676409,0.001867790304676409,4511
BMXBMI,SLD012,sqrt,original,0.001811183850468443,0.001811183850468443,4535
BMXBMI,DPQ_TOTAL,square,log,0.0017940238747891702,0.0017940238747891702,4538
BMXBMI,SLD012,inverse,inverse,0.001727562781385709,0.001727562781385709,4535
LBXVIDMS,ALQ120Q,log,original,0.0016139052209959111,0.0016139052209959111,4500
LBXGLU,ALQ120Q,original,square,0.0015000017962595775,0.0015000017962595775,4497
SLD012,LBXVIDMS,inverse,log,-0.0014958932954818444,0.0014958932954818444,4511
LBXVIDMS,ALQ120Q,original,log,-0.0014465124851102912,0.0014465124851102912,4500
SLD012,LBXVIDMS,log,sqrt,0.0012351790503740668,0.0012351790503740668,4511
BMXBMI,SLD012,inverse,square,0.0011719561212474496,0.0011719561212474496,4535
RIDAGEYR,PAQ_MINS,inverse,square,0.001162226327870889,0.001162226327870889,4523
SLD012,LBXVIDMS,sqrt,original,0.0011418401892894336,0.0011418401892894336,4511
BMXBMI,SLD012,log,original,0.001073409844347945,0.001073409844347945,4535
BMXBMI,DPQ_TOTAL,square,sqrt,0.0008981227332022759,0.0008981227332022759,4538
LBXGLU,ALQ120Q,log,square,-0.000886413326744592,0.000886413326744592,4497
RIDAGEYR,DPQ_TOTAL,log,log,-0.000862721987711425,0.000862721987711425,4530
SLD012,LBXVIDMS,sqrt,square,0.0008407830722102418,0.0008407830722102418,4511
LBXVIDMS,ALQ120Q,sqrt,original,0.0007936267247368133,0.0007936267247368133,4500
DPQ_TOTAL,ALQ120Q,sqrt,sqrt,-0.0007207158336172526,0.0007207158336172526,4518
BMXBMI,SLD012,original,square,0.0006431144503882312,0.0006431144503882312,4535
SLD012,LBXVIDMS,log,square,-0.0006386328466938835,0.0006386328466938835,4511
BMXBMI,SLD012,inverse,log,-0.0006047909231271137,0.0006047909231271137,4535
LBXVIDMS,ALQ120Q,sqrt,log,-0.0005596818263937528,0.0005596818263937528,4500
SLD012,LBXVIDMS,inverse,sqrt,0.0005465907648747769,0.0005465907648747769,4511
RIDAGEYR,PAQ_MINS,square,original,0.00047389014700452783,0.00047389014700452783,4523
LBXVIDMS,ALQ120Q,log,log,0.0004659455455350177,0.0004659455455350177,4500
BMXBMI,SLD012,log,square,-0.00037415691121556383,0.00037415691121556383,4535
BMXBMI,SLD012,inverse,original,0.0003736151820517478,0.0003736151820517478,4535
LBXVIDMS,ALQ120Q,square,original,0.0003689052563486617,0.0003689052563486617,4500
LBXGLU,ALQ120Q,sqrt,square,0.000354899978686172,0.000354899978686172,4497
LBXVIDMS,ALQ120Q,original,original,0.00024160019038366057,0.00024160019038366057,4500
BMXBMI,SLD012,sqrt,square,0.00010160156471724625,0.00010160156471724625,4535
BMXBMI,SLD012,inverse,sqrt,-9.309479613007957e-05,9.309479613007957e-05,4535
SLD012,LBXVIDMS,log,original,5.3176065397457103e-05,5.3176065397457103e-05,4511
